Efx,vegHeight,101,600
LImon,sftgif,101,600
Eyr,baresoilFrac,101,600
Emon,cLand,101,600
Eyr,cropFrac,101,600
Eday,mrsfl,101,105
LImon,snm,101,600
Eyr,fracLut,101,600
Eyr,grassFrac,101,600
Eyr,shrubFrac,101,600
Eyr,treeFrac,101,600
Eday,mrsfl,106,110
Eyr,vegFrac,101,600
Lmon,baresoilFrac,101,600
Emon,cSoil,101,600
LImon,snw,101,600
Amon,cl,101,120
Eday,mrsfl,111,115
Lmon,c3PftFrac,101,600
Emon,cWood,101,600
Lmon,c4PftFrac,101,600
Eday,mrsfl,116,120
Amon,cl,121,140
Emon,cropFracC3,101,600
Lmon,cCwd,101,600
Eday,mrsfl,121,125
Lmon,cLeaf,101,600
Eday,mrsfl,126,130
Emon,fracLut,101,600
Eday,mrsfl,131,135
Emon,grassFracC3,101,600
Lmon,cLitter,101,600
Amon,cl,141,160
Emon,grassFracC4,101,600
Eday,mrsfl,136,140
Lmon,cRoot,101,600
Amon,cl,161,180
Lmon,cSoilFast,101,600
Eday,mrsfl,141,145
Emon,intuaw,101,600
Eday,mrsfl,146,150
Amon,cl,181,200
Ofx,areacello,101,600
Eday,mrsfl,151,155
Lmon,cSoilMedium,101,600
Ofx,basin,101,600
Eday,mrsfl,156,160
Ofx,deptho,101,600
Amon,cl,201,220
Emon,intvaw,101,600
Ofx,masscello,101,600
Ofx,sftof,101,600
Lmon,cSoilSlow,101,600
Eday,mrsfl,161,165
Emon,mrlso,101,600
Ofx,thkcello,101,600
Eday,mrsfl,166,170
Amon,cl,221,240
Ofx,volcello,101,600
Eday,mrsfl,171,175
Lmon,cVeg,101,600
Lmon,cropFrac,101,600
Amon,cl,241,260
Emon,mrsfl,101,200
Eday,mrsfl,176,180
Emon,mrsfl,201,300
Lmon,evspsblsoi,101,600
Amon,cl,261,280
Emon,mrsfl,301,400
Eday,mrsfl,181,185
Eday,mrsfl,186,190
Emon,mrsfl,401,500
Omon,agessc,101,110
Amon,cl,281,300
Emon,mrsfl,501,600
Lmon,gpp,101,600
Amon,cl,301,320
Lmon,grassFrac,101,600
Emon,mrsll,101,200
Amon,cl,321,340
Emon,mrsll,201,300
Eday,mrsfl,191,195
Lmon,lai,101,600
Eday,mrsfl,196,200
Emon,mrsll,301,400
Amon,cl,341,360
Lmon,landCoverFrac,101,600
Eday,mrsfl,201,205
Omon,agessc,111,120
Emon,mrsll,401,500
Lmon,mrfso,101,600
Eday,mrsfl,206,210
Emon,mrsll,501,600
Eday,mrsfl,211,215
Lmon,mrro,101,600
Eday,mrsfl,216,220
Emon,mrsol,101,200
Omon,agessc,121,130
Lmon,mrros,101,600
Lmon,mrso,101,600
Eday,mrsfl,221,225
Emon,mrsol,201,300
Eday,mrsfl,226,230
Lmon,mrsos,101,600
Oyr,arag,101,200
Amon,cl,361,380
Eday,mrsfl,231,235
Lmon,nbp,101,600
Emon,mrsol,301,400
Oyr,arag,201,300
Eday,mrsfl,236,240
Eday,mrsfl,241,245
Emon,mrsol,401,500
Omon,agessc,131,140
Eday,mrsfl,246,250
Emon,mrsol,501,600
Emon,nLand,101,600
Lmon,npp,101,600
Eday,mrsfl,251,255
Lmon,ra,101,600
Lmon,residualFrac,101,600
Emon,nLitter,101,600
Eday,mrsfl,256,260
Emon,nMineral,101,600
Amon,cl,381,400
Eday,mrsfl,261,265
Oyr,arag,301,400
Lmon,rh,101,600
Eday,mrsfl,266,270
Lmon,shrubFrac,101,600
Emon,nSoil,101,600
Omon,agessc,141,150
Lmon,treeFrac,101,600
Amon,cl,401,420
Emon,nVeg,101,600
Lmon,tsl,101,200
Emon,nep,101,600
Lmon,tsl,201,300
Oyr,arag,401,500
Amon,cl,421,440
Emon,nwdFracLut,101,600
Lmon,tsl,301,400
Emon,orog,101,600
Lmon,tsl,401,500
Amon,cl,441,460
Lmon,tsl,501,600
Emon,rls,101,600
Oyr,arag,501,600
Omon,agessc,151,160
Emon,rss,101,600
Amon,cl,461,480
Emon,treeFracBdlDcd,101,600
Oyr,chl,101,200
Emon,treeFracBdlEvg,101,600
Emon,treeFracNdlDcd,101,600
Amon,cl,481,500
Emon,treeFracNdlEvg,101,600
Emon,vegFrac,101,600
Oyr,chl,201,300
Emon,vegHeight,101,600
Emon,wetlandFrac,101,600
Oyr,chl,301,400
Oyr,chl,401,500
Eday,mrsfl,271,275
Amon,cl,501,520
Eday,mrsfl,276,280
Omon,agessc,161,170
Eday,mrsfl,281,285
Amon,cl,521,540
Eday,mrsfl,286,290
Eday,mrsfl,291,295
Eday,mrsfl,296,300
Eday,mrsfl,301,305
Omon,agessc,171,180
Eday,mrsfl,306,310
Eday,mrsfl,311,315
Eday,mrsfl,316,320
Eday,mrsfl,321,325
Eday,mrsfl,326,330
Eday,mrsfl,331,335
Eday,mrsfl,336,340
Omon,agessc,181,190
Eday,mrsfl,341,345
Eday,mrsfl,346,350
Omon,agessc,191,200
Eday,mrsfl,351,355
Eday,mrsfl,356,360
Omon,agessc,201,210
Eday,mrsfl,361,365
Eday,mrsfl,366,370
Eday,mrsfl,371,375
Omon,agessc,211,220
Eday,mrsfl,376,380
Amon,cl,541,560
Eday,mrsfl,381,385
Eday,mrsfl,386,390
Eday,mrsfl,391,395
Amon,cl,561,580
Eday,mrsfl,396,400
Eday,mrsfl,401,405
Eday,mrsfl,406,410
Amon,cl,581,600
Eday,mrsfl,411,415
Omon,agessc,221,230
Amon,cli,101,120
Eday,mrsfl,416,420
Amon,cli,121,140
Eday,mrsfl,421,425
Eday,mrsfl,426,430
Amon,cli,141,160
Eday,mrsfl,431,435
Eday,mrsfl,436,440
Eday,mrsfl,441,445
Eday,mrsfl,446,450
Amon,cli,161,180
Eday,mrsfl,451,455
Eday,mrsfl,456,460
Oyr,chl,501,600
Eday,mrsfl,461,465
Amon,cli,181,200
Amon,cli,201,220
Oyr,detoc,101,200
Amon,cli,221,240
Amon,cli,241,260
Oyr,detoc,201,300
Amon,cli,261,280
Oyr,detoc,301,400
Amon,cli,281,300
Amon,cli,301,320
Oyr,detoc,401,500
Amon,cli,321,340
Oyr,detoc,501,600
Amon,cli,341,360
Amon,cli,361,380
Oyr,dfe,101,200
Amon,cli,381,400
Oyr,dfe,201,300
Amon,cli,401,420
Oyr,dfe,301,400
Amon,cli,421,440
Amon,cli,441,460
Oyr,dfe,401,500
Amon,cli,461,480
Oyr,dfe,501,600
Amon,cli,481,500
Amon,cli,501,520
Oyr,dissic,101,200
Amon,cli,521,540
Oyr,dissic,201,300
Amon,cli,541,560
Oyr,dissic,301,400
Amon,cli,561,580
Amon,cli,581,600
Oyr,dissic,401,500
Amon,clivi,101,600
Oyr,dissic,501,600
Amon,clt,101,600
Amon,clw,101,120
Oyr,dissicnat,101,200
Amon,clw,121,140
Omon,agessc,231,240
Amon,clw,141,160
Oyr,dissicnat,201,300
Omon,agessc,241,250
Amon,clw,161,180
Oyr,dissicnat,301,400
Omon,agessc,251,260
Amon,clw,181,200
Amon,clw,201,220
Oyr,dissicnat,401,500
Amon,clw,221,240
Oyr,dissicnat,501,600
Omon,agessc,261,270
Amon,clw,241,260
Oyr,fgco2,101,600
Oyr,fgco2nat,101,600
Amon,clw,261,280
Omon,agessc,271,280
Amon,clw,281,300
Oyr,no3,101,200
Amon,clw,301,320
Amon,clw,321,340
Oyr,no3,201,300
Omon,agessc,281,290
Amon,clw,341,360
Oyr,no3,301,400
Omon,agessc,291,300
Amon,clw,361,380
Amon,clw,381,400
Oyr,no3,401,500
Amon,clw,401,420
Oyr,no3,501,600
Amon,clw,421,440
Eday,mrsfl,466,470
Eday,mrsfl,471,475
Amon,clw,441,460
Eday,mrsfl,476,480
Eday,mrsfl,481,485
Eday,mrsfl,486,490
Amon,clw,461,480
Eday,mrsfl,491,495
Oyr,o2,101,200
Eday,mrsfl,496,500
Amon,clw,481,500
Eday,mrsfl,501,505
Eday,mrsfl,506,510
Eday,mrsfl,511,515
Amon,clw,501,520
Oyr,o2,201,300
Amon,clw,521,540
Eday,mrsfl,516,520
Eday,mrsfl,521,525
Amon,clw,541,560
Eday,mrsfl,526,530
Eday,mrsfl,531,535
Oyr,o2,301,400
Amon,clw,561,580
Eday,mrsfl,536,540
Amon,clw,581,600
Eday,mrsfl,541,545
Eday,mrsfl,546,550
Eday,mrsfl,551,555
Oyr,o2,401,500
Eday,mrsfl,556,560
Amon,evspsbl,101,600
Eday,mrsfl,561,565
Amon,hfls,101,600
Eday,mrsfl,566,570
Eday,mrsfl,571,575
Eday,mrsfl,576,580
Amon,hfss,101,600
Eday,mrsfl,581,585
Eday,mrsfl,586,590
Eday,mrsfl,591,595
Eday,mrsfl,596,600
Eday,mrsll,101,105
Eday,mrsll,106,110
Amon,hur,101,200
Eday,mrsll,111,115
Eday,mrsll,116,120
Eday,mrsll,121,125
Eday,mrsll,126,130
Eday,mrsll,131,135
Eday,mrsll,136,140
Omon,agessc,301,310
Eday,mrsll,141,145
Amon,hur,201,300
Eday,mrsll,146,150
Amon,hur,301,400
Amon,hur,401,500
Eday,mrsll,151,155
Eday,mrsll,156,160
Eday,mrsll,161,165
Eday,mrsll,166,170
Eday,mrsll,171,175
Eday,mrsll,176,180
Eday,mrsll,181,185
Oyr,o2,501,600
Eday,mrsll,186,190
Oyr,po4,101,200
Eday,mrsll,191,195
Eday,mrsll,196,200
Oyr,po4,201,300
Eday,mrsll,201,205
Omon,agessc,311,320
Eday,mrsll,206,210
Oyr,po4,301,400
Eday,mrsll,211,215
Omon,agessc,321,330
Oyr,po4,401,500
Omon,agessc,331,340
Oyr,po4,501,600
Oyr,talk,101,200
Omon,agessc,341,350
Eday,mrsll,216,220
Omon,agessc,351,360
Omon,agessc,361,370
Omon,agessc,371,380
Oyr,talk,201,300
Oyr,talk,301,400
Omon,agessc,381,390
Oyr,talk,401,500
Omon,agessc,391,400
Oyr,talk,501,600
Omon,agessc,401,410
Omon,agessc,411,420
Omon,agessc,421,430
Omon,agessc,431,440
Omon,agessc,441,450
Omon,agessc,451,460
Omon,agessc,461,470
Amon,hur,501,600
Amon,hurs,101,600
Omon,agessc,471,480
Omon,agessc,481,490
Omon,agessc,491,500
Eday,mrsll,221,225
Eday,mrsll,226,230
Eday,mrsll,231,235
Eday,mrsll,236,240
Eday,mrsll,241,245
Eday,mrsll,246,250
Eday,mrsll,251,255
Eday,mrsll,256,260
Eday,mrsll,261,265
Eday,mrsll,266,270
Eday,mrsll,271,275
Eday,mrsll,276,280
Eday,mrsll,281,285
Eday,mrsll,286,290
Omon,agessc,501,510
Eday,mrsll,291,295
Eday,mrsll,296,300
Omon,agessc,511,520
Eday,mrsll,301,305
Eday,mrsll,306,310
Eday,mrsll,311,315
Eday,mrsll,316,320
Omon,agessc,521,530
Eday,mrsll,321,325
Eday,mrsll,326,330
Eday,mrsll,331,335
Eday,mrsll,336,340
Omon,agessc,531,540
Eday,mrsll,341,345
Omon,agessc,541,550
Eday,mrsll,346,350
SImon,siareaacrossline,101,600
Omon,agessc,551,560
SImon,siarean,101,600
SImon,siareas,101,600
Omon,agessc,561,570
SImon,sicompstren,101,600
SImon,siconc,101,600
Omon,agessc,571,580
SImon,siconca,101,600
Omon,agessc,581,590
SImon,sidivvel,101,600
Omon,agessc,591,600
SImon,sidmassevapsubl,101,600
Omon,arag,101,110
SImon,sidmasstranx,101,600
SImon,sidmasstrany,101,600
SImon,siextentn,101,600
SImon,siextents,101,600
Omon,arag,111,120
SImon,siflfwbot,101,600
SImon,sifllatstop,101,600
Omon,arag,121,130
SImon,siflsensupbot,101,600
SImon,simass,101,600
SImon,simassacrossline,101,600
Omon,arag,131,140
SImon,sipr,101,600
SImon,sisnconc,101,600
Omon,arag,141,150
SImon,sisnmass,101,600
SImon,sisnthick,101,600
SImon,sispeed,101,600
Omon,arag,151,160
SImon,sistrxdtop,101,600
Omon,arag,161,170
SImon,sistrxubot,101,600
SImon,sistrydtop,101,600
Omon,arag,171,180
SImon,sistryubot,101,600
SImon,sithick,101,600
SImon,siu,101,600
Omon,arag,181,190
SImon,siv,101,600
day,hurs,101,150
Omon,arag,191,200
SImon,sivol,101,600
SImon,sivoln,101,600
SImon,sivols,101,600
day,hurs,151,200
SImon,sndmasssnf,101,600
Omon,arag,201,210
SImon,snmassacrossline,101,600
Omon,arag,211,220
day,hurs,201,250
Omon,arag,221,230
day,hurs,251,300
Omon,arag,231,240
Omon,arag,241,250
day,hurs,301,350
Omon,arag,251,260
Omon,arag,261,270
day,hurs,351,400
Omon,arag,271,280
day,hurs,401,450
Omon,arag,281,290
day,hurs,451,500
Omon,arag,291,300
day,hurs,501,550
Eday,mrsll,351,355
Amon,hus,101,200
Eday,mrsll,356,360
Eday,mrsll,361,365
Eday,mrsll,366,370
Amon,hus,201,300
Eday,mrsll,371,375
Eday,mrsll,376,380
Eday,mrsll,381,385
Eday,mrsll,386,390
Amon,hus,301,400
Amon,hus,401,500
Amon,hus,501,600
Amon,huss,101,600
Amon,pfull,101,600
Amon,phalf,101,600
Amon,pr,101,600
Amon,prc,101,600
Amon,prsn,101,600
Amon,prw,101,600
Amon,ps,101,600
Amon,psl,101,600
Amon,rlds,101,600
Amon,rldscs,101,600
Amon,rlus,101,600
Amon,rlut,101,600
Amon,rlutcs,101,600
Amon,rsds,101,600
Amon,rsdscs,101,600
Amon,rsdt,101,600
Amon,rsus,101,600
Amon,rsuscs,101,600
Amon,rsut,101,600
Amon,rsutcs,101,600
day,hurs,551,600
Amon,rtmt,101,600
Amon,sbl,101,600
day,hursmax,236,250
Amon,sci,101,600
day,hursmax,251,265
Amon,sfcWind,101,600
day,hursmin,101,150
Amon,ta,101,200
day,hursmin,151,200
Amon,ta,201,300
day,hursmin,201,250
Amon,ta,301,400
day,hursmin,251,300
Amon,ta,401,500
day,hursmin,301,350
Amon,ta,501,600
Amon,tas,101,600
Amon,tasmax,101,600
day,hursmin,351,400
Amon,tasmin,101,600
Amon,tauu,101,600
Amon,tauv,101,600
Amon,ts,101,600
Amon,ua,101,200
Amon,ua,201,300
Amon,ua,301,400
day,hursmin,401,450
Eday,mrsll,391,395
Eday,mrsll,396,400
Eday,mrsll,401,405
Amon,ua,401,500
day,hursmin,451,500
Eday,mrsll,406,410
Eday,mrsll,411,415
Eday,mrsll,416,420
Amon,ua,501,600
day,hursmin,501,550
Eday,mrsll,421,425
Amon,uas,101,600
Eday,mrsll,426,430
Eday,mrsll,431,435
Eday,mrsll,436,440
day,hursmin,551,600
Eday,mrsll,441,445
Amon,va,101,200
Eday,mrsll,446,450
Eday,mrsll,451,455
Eday,mrsll,456,460
Eday,mrsll,461,465
Eday,mrsll,466,470
Eday,mrsll,471,475
Eday,mrsll,476,480
Omon,arag,301,310
Eday,mrsll,481,485
Eday,mrsll,486,490
Eday,mrsll,491,495
Eday,mrsll,496,500
Eday,mrsll,501,505
Eday,mrsll,506,510
Amon,va,201,300
Eday,mrsll,511,515
Eday,mrsll,516,520
Eday,mrsll,521,525
Eday,mrsll,526,530
Eday,mrsll,531,535
Eday,mrsll,536,540
day,huss,101,150
Eday,mrsll,541,545
day,huss,151,200
Eday,mrsll,546,550
Amon,va,301,400
Omon,arag,311,320
Eday,mrsll,551,555
Eday,mrsll,556,560
Omon,arag,321,330
day,huss,201,250
Eday,mrsll,561,565
Amon,va,401,500
Eday,mrsll,566,570
Omon,arag,331,340
Eday,mrsll,571,575
day,huss,251,300
Eday,mrsll,576,580
Eday,mrsll,581,585
Omon,arag,341,350
Eday,mrsll,586,590
Amon,va,501,600
Eday,mrsll,591,595
Omon,arag,351,360
Eday,mrsll,596,600
Amon,vas,101,600
day,huss,301,350
Eday,mrsol,101,105
Eday,mrsol,106,110
Omon,arag,361,370
Eday,mrsol,111,115
day,huss,351,400
Eday,mrsol,116,120
Omon,arag,371,380
Eday,mrsol,121,125
Eday,mrsol,126,130
Eday,mrsol,131,135
Omon,arag,381,390
day,huss,401,450
Eday,mrsol,136,140
Eday,mrsol,141,145
Omon,arag,391,400
Eday,mrsol,146,150
Eday,mrsol,151,155
day,huss,451,500
Eday,mrsol,156,160
Eday,mrsol,161,165
day,huss,501,550
Eday,mrsol,166,170
Eday,mrsol,171,175
Eday,mrsol,176,180
Eday,mrsol,181,185
Eday,mrsol,186,190
Eday,mrsol,191,195
Eday,mrsol,196,200
Eday,mrsol,201,205
Eday,mrsol,206,210
Eday,mrsol,211,215
Eday,mrsol,216,220
Eday,mrsol,221,225
Eday,mrsol,226,230
Eday,mrsol,231,235
Eday,mrsol,236,240
Eday,mrsol,241,245
Eday,mrsol,246,250
Eday,mrsol,251,255
Eday,mrsol,256,260
Eday,mrsol,261,265
Eday,mrsol,266,270
Omon,arag,401,410
Eday,mrsol,271,275
Eday,mrsol,276,280
Amon,wap,101,200
Eday,mrsol,281,285
Eday,mrsol,286,290
Omon,arag,411,420
Eday,mrsol,291,295
Eday,mrsol,296,300
Amon,wap,201,300
Omon,arag,421,430
Eday,mrsol,301,305
Eday,mrsol,306,310
Eday,mrsol,311,315
Eday,mrsol,316,320
Omon,arag,431,440
Eday,mrsol,321,325
Eday,mrsol,326,330
Amon,wap,301,400
Eday,mrsol,331,335
Omon,arag,441,450
Eday,mrsol,336,340
Eday,mrsol,341,345
Eday,mrsol,346,350
Eday,mrsol,351,355
Eday,mrsol,356,360
Amon,wap,401,500
Omon,arag,451,460
Eday,mrsol,361,365
Eday,mrsol,366,370
Omon,arag,461,470
Eday,mrsol,371,375
Eday,mrsol,376,380
Amon,wap,501,600
Eday,mrsol,381,385
Omon,arag,471,480
Eday,mrsol,386,390
Eday,mrsol,391,395
Amon,zg,101,200
Omon,arag,481,490
Eday,mrsol,396,400
Eday,mrsol,401,405
Eday,mrsol,406,410
Amon,zg,201,300
Eday,mrsol,411,415
Omon,arag,491,500
Eday,mrsol,416,420
Eday,mrsol,421,425
Omon,arag,501,510
Eday,mrsol,426,430
Amon,zg,301,400
Eday,mrsol,431,435
Omon,arag,511,520
Eday,mrsol,436,440
Eday,mrsol,441,445
Eday,mrsol,446,450
Omon,arag,521,530
Eday,mrsol,451,455
Eday,mrsol,456,460
Omon,arag,531,540
Eday,mrsol,461,465
Eday,mrsol,466,470
Eday,mrsol,471,475
day,huss,551,600
Omon,arag,541,550
Eday,mrsol,476,480
day,mrso,101,150
Eday,mrsol,481,485
day,mrso,151,200
Omon,arag,551,560
Eday,mrsol,486,490
Eday,mrsol,491,495
day,mrso,201,250
Eday,mrsol,496,500
Omon,arag,561,570
day,mrso,251,300
Eday,mrsol,501,505
day,mrso,301,350
Omon,arag,571,580
Eday,mrsol,506,510
day,mrso,351,400
Eday,mrsol,511,515
Eday,mrsol,516,520
day,mrso,401,450
Omon,arag,581,590
Eday,mrsol,521,525
Eday,mrsol,526,530
Omon,arag,591,600
Eday,mrsol,531,535
Eday,mrsol,536,540
Eday,mrsol,541,545
Eday,mrsol,546,550
Eday,mrsol,551,555
Eday,mrsol,556,560
Eday,mrsol,561,565
Eday,mrsol,566,570
Eday,mrsol,571,575
Eday,mrsol,576,580
Eday,mrsol,581,585
Eday,mrsol,586,590
Eday,mrsol,591,595
Eday,mrsol,596,600
day,mrso,451,500
day,mrso,501,550
day,mrso,551,600
day,mrsos,101,150
day,mrsos,151,200
day,mrsos,201,250
day,mrsos,251,300
day,mrsos,301,350
day,mrsos,351,400
day,mrsos,401,450
day,mrsos,451,500
Amon,zg,401,500
day,mrsos,501,550
day,mrsos,551,600
Amon,zg,501,600
day,pr,101,150
day,pr,151,200
Omon,chl,101,110
day,pr,201,250
Omon,chl,111,120
day,pr,251,300
Omon,chl,121,130
Omon,chl,131,140
day,pr,301,350
Omon,chl,141,150
day,pr,351,400
day,pr,401,450
day,pr,451,500
day,pr,501,550
day,pr,551,600
day,psl,101,150
day,psl,151,200
day,psl,201,250
day,psl,251,300
day,psl,301,350
Omon,chl,151,160
day,psl,351,400
day,psl,401,450
day,psl,451,500
day,psl,501,550
day,psl,551,600
day,sfcWind,101,150
day,sfcWind,151,200
day,sfcWind,201,250
day,sfcWind,251,300
day,sfcWind,301,350
day,sfcWind,351,400
day,sfcWind,401,450
Omon,chl,161,170
day,sfcWind,451,500
Omon,chl,171,180
day,sfcWind,501,550
Omon,chl,181,190
Omon,chl,191,200
day,sfcWind,551,600
Omon,chl,201,210
day,tas,101,150
Omon,chl,211,220
day,tas,151,200
Omon,chl,221,230
day,tas,201,250
Omon,chl,231,240
Omon,chl,241,250
Omon,chl,251,260
Omon,chl,261,270
Omon,chl,271,280
Omon,chl,281,290
Omon,chl,291,300
Omon,chl,301,310
Omon,chl,311,320
Omon,chl,321,330
Omon,chl,331,340
Omon,chl,341,350
Omon,chl,351,360
Omon,chl,361,370
Omon,chl,371,380
day,tas,251,300
Omon,chl,381,390
Omon,chl,391,400
day,tas,301,350
day,tas,351,400
Omon,chl,401,410
day,tas,401,450
Omon,chl,411,420
day,tas,451,500
Omon,chl,421,430
day,tas,501,550
Omon,chl,431,440
Omon,chl,441,450
day,tas,551,600
Omon,chl,451,460
day,tasmax,101,150
Omon,chl,461,470
day,tasmax,151,200
Omon,chl,471,480
day,tasmax,201,250
Omon,chl,481,490
day,tasmax,251,300
Omon,chl,491,500
Omon,chl,501,510
Omon,chl,511,520
Omon,chl,521,530
Omon,chl,531,540
Omon,chl,541,550
Omon,chl,551,560
Omon,chl,561,570
Omon,chl,571,580
fx,areacella,101,600
fx,orog,101,600
fx,sftgif,101,600
fx,sftlf,101,600
fx,zfull,101,600
Omon,chl,581,590
Omon,chl,591,600
day,tasmax,301,350
day,tasmax,351,400
Omon,chlos,101,600
day,tasmax,401,450
Omon,detoc,101,110
day,tasmax,451,500
Omon,detoc,111,120
day,tasmax,501,550
Omon,detoc,121,130
Omon,detoc,131,140
Omon,detoc,141,150
Omon,detoc,151,160
Omon,detoc,161,170
Omon,detoc,171,180
Omon,detoc,181,190
Omon,detoc,191,200
Omon,detoc,201,210
day,tasmax,551,600
Omon,detoc,211,220
day,tasmin,101,150
day,tasmin,151,200
day,tasmin,201,250
day,tasmin,251,300
day,tasmin,301,350
day,tasmin,351,400
day,tasmin,401,450
Omon,detoc,221,230
Omon,detoc,231,240
Omon,detoc,241,250
Omon,detoc,251,260
day,tasmin,451,500
Omon,detoc,261,270
Omon,detoc,271,280
day,tasmin,501,550
Omon,detoc,281,290
day,tasmin,551,600
Omon,detoc,291,300
Omon,detoc,301,310
Omon,detoc,311,320
Omon,detoc,321,330
Omon,detoc,331,340
Omon,detoc,341,350
Omon,detoc,351,360
Omon,detoc,361,370
Omon,detoc,371,380
Omon,detoc,381,390
Omon,detoc,391,400
Omon,detoc,401,410
Omon,detoc,411,420
Omon,detoc,421,430
Omon,detoc,431,440
Omon,detoc,441,450
Omon,detoc,451,460
Omon,detoc,461,470
Omon,detoc,471,480
Omon,detoc,481,490
Omon,detoc,491,500
Omon,detoc,501,510
Omon,detoc,511,520
Omon,detoc,521,530
Omon,detoc,531,540
Omon,detoc,541,550
Omon,detoc,551,560
Omon,detoc,561,570
Omon,detoc,571,580
Omon,detoc,581,590
Omon,detoc,591,600
Omon,dfeos,101,600
Omon,dissic,101,110
Omon,dissic,111,120
Omon,dissic,121,130
Omon,dissic,131,140
Omon,dissic,141,150
Omon,dissic,151,160
Omon,dissic,161,170
Omon,dissic,171,180
Omon,dissic,181,190
Omon,dissic,191,200
Omon,dissic,201,210
Omon,dissic,211,220
Omon,dissic,221,230
Omon,dissic,231,240
Omon,dissic,241,250
Omon,dissic,251,260
Omon,dissic,261,270
Omon,dissic,271,280
Omon,dissic,281,290
Omon,dissic,291,300
Omon,dissic,301,310
Omon,dissic,311,320
Omon,dissic,321,330
Omon,dissic,331,340
Omon,dissic,341,350
Omon,dissic,351,360
Omon,dissic,361,370
Omon,dissic,371,380
Omon,dissic,381,390
Omon,dissic,391,400
Omon,dissic,401,410
Omon,dissic,411,420
Omon,dissic,421,430
Omon,dissic,431,440
Omon,dissic,441,450
Omon,dissic,451,460
Omon,dissic,461,470
Omon,dissic,471,480
Omon,dissic,481,490
Omon,dissic,491,500
Omon,dissic,501,510
Omon,dissic,511,520
Omon,dissic,521,530
Omon,dissic,531,540
Omon,dissic,541,550
Omon,dissic,551,560
Omon,dissic,561,570
Omon,dissic,571,580
Omon,dissic,581,590
Omon,dissic,591,600
Omon,dissicnatos,101,600
Omon,dissicos,101,600
Omon,eparag100,101,600
Omon,epc100,101,600
Omon,evs,101,600
Omon,fgco2,101,600
Omon,fgco2nat,101,600
Omon,fgo2,101,600
Omon,friver,101,600
Omon,fsitherm,101,600
Omon,hfbasinpmadv,101,600
Omon,hfds,101,600
Omon,hfevapds,101,600
Omon,hflso,101,600
Omon,hfrainds,101,600
Omon,hfsifrazil2d,101,600
Omon,hfsso,101,600
Omon,htovgyre,101,600
Omon,htovovrt,101,600
Omon,intpp,101,600
Omon,masscello,101,110
Omon,masscello,111,120
Omon,masscello,121,130
Omon,masscello,131,140
Omon,masscello,141,150
Omon,masscello,151,160
Omon,masscello,161,170
Omon,masscello,171,180
Omon,masscello,181,190
Omon,masscello,191,200
Omon,masscello,201,210
Omon,masscello,211,220
Omon,masscello,221,230
Omon,masscello,231,240
Omon,masscello,241,250
Omon,masscello,251,260
Omon,masscello,261,270
Omon,masscello,271,280
Omon,masscello,281,290
Omon,masscello,291,300
Omon,masscello,301,310
Omon,masscello,311,320
Omon,masscello,321,330
Omon,masscello,331,340
Omon,masscello,341,350
Omon,masscello,351,360
Omon,masscello,361,370
Omon,masscello,371,380
Omon,masscello,381,390
Omon,masscello,391,400
Omon,masscello,401,410
Omon,masscello,411,420
Omon,masscello,421,430
Omon,masscello,431,440
Omon,masscello,441,450
Omon,masscello,451,460
Omon,masscello,461,470
Omon,masscello,471,480
Omon,masscello,481,490
Omon,masscello,491,500
Omon,masscello,501,510
Omon,masscello,511,520
Omon,masscello,521,530
Omon,masscello,531,540
Omon,masscello,541,550
Omon,masscello,551,560
Omon,masscello,561,570
Omon,masscello,571,580
Omon,masscello,581,590
Omon,masscello,591,600
Omon,masso,101,600
Omon,mfo,101,600
Omon,mlotst,101,600
Omon,msftbarot,101,600
Omon,msftmrho,101,600
Omon,msftmz,101,110
Omon,msftmz,111,120
Omon,msftmz,121,130
Omon,msftmz,131,140
Omon,msftmz,141,150
Omon,msftmz,151,160
Omon,msftmz,161,170
Omon,msftmz,171,180
Omon,msftmz,181,190
Omon,msftmz,191,200
Omon,msftmz,201,210
Omon,msftmz,211,220
Omon,msftmz,221,230
Omon,msftmz,231,240
Omon,msftmz,241,250
Omon,msftmz,251,260
Omon,msftmz,261,270
Omon,msftmz,271,280
Omon,msftmz,281,290
Omon,msftmz,291,300
Omon,msftmz,301,310
Omon,msftmz,311,320
Omon,msftmz,321,330
Omon,msftmz,331,340
Omon,msftmz,341,350
Omon,msftmz,351,360
Omon,msftmz,361,370
Omon,msftmz,371,380
Omon,msftmz,381,390
Omon,msftmz,391,400
Omon,msftmz,401,410
Omon,msftmz,411,420
Omon,msftmz,421,430
Omon,msftmz,431,440
Omon,msftmz,441,450
Omon,msftmz,451,460
Omon,msftmz,461,470
Omon,msftmz,471,480
Omon,msftmz,481,490
Omon,msftmz,491,500
Omon,msftmz,501,510
Omon,msftmz,511,520
Omon,msftmz,521,530
Omon,msftmz,531,540
Omon,msftmz,541,550
Omon,msftmz,551,560
Omon,msftmz,561,570
Omon,msftmz,571,580
Omon,msftmz,581,590
Omon,msftmz,591,600
Omon,msftyrho,101,600
Omon,msftyz,101,110
Omon,msftyz,111,120
Omon,msftyz,121,130
Omon,msftyz,131,140
Omon,msftyz,141,150
Omon,msftyz,151,160
Omon,msftyz,161,170
Omon,msftyz,171,180
Omon,msftyz,181,190
Omon,msftyz,191,200
Omon,msftyz,201,210
Omon,msftyz,211,220
Omon,msftyz,221,230
Omon,msftyz,231,240
Omon,msftyz,241,250
Omon,msftyz,251,260
Omon,msftyz,261,270
Omon,msftyz,271,280
Omon,msftyz,281,290
Omon,msftyz,291,300
Omon,msftyz,301,310
Omon,msftyz,311,320
Omon,msftyz,321,330
Omon,msftyz,331,340
Omon,msftyz,341,350
Omon,msftyz,351,360
Omon,msftyz,361,370
Omon,msftyz,371,380
Omon,msftyz,381,390
Omon,msftyz,391,400
Omon,msftyz,401,410
Omon,msftyz,411,420
Omon,msftyz,421,430
Omon,msftyz,431,440
Omon,msftyz,441,450
Omon,msftyz,451,460
Omon,msftyz,461,470
Omon,msftyz,471,480
Omon,msftyz,481,490
Omon,msftyz,491,500
Omon,msftyz,501,510
Omon,msftyz,511,520
Omon,msftyz,521,530
Omon,msftyz,531,540
Omon,msftyz,541,550
Omon,msftyz,551,560
Omon,msftyz,561,570
Omon,msftyz,571,580
Omon,msftyz,581,590
Omon,msftyz,591,600
Omon,no3,101,110
Omon,no3,111,120
Omon,no3,121,130
Omon,no3,131,140
Omon,no3,141,150
Omon,no3,151,160
Omon,no3,161,170
Omon,no3,171,180
Omon,no3,181,190
Omon,no3,191,200
Omon,no3,201,210
Omon,no3,211,220
Omon,no3,221,230
Omon,no3,231,240
Omon,no3,241,250
Omon,no3,251,260
Omon,no3,261,270
Omon,no3,271,280
Omon,no3,281,290
Omon,no3,291,300
Omon,no3,301,310
Omon,no3,311,320
Omon,no3,321,330
Omon,no3,331,340
Omon,no3,341,350
Omon,no3,351,360
Omon,no3,361,370
Omon,no3,371,380
Omon,no3,381,390
Omon,no3,391,400
Omon,no3,401,410
Omon,no3,411,420
Omon,no3,421,430
Omon,no3,431,440
Omon,no3,441,450
Omon,no3,451,460
Omon,no3,461,470
Omon,no3,471,480
Omon,no3,481,490
Omon,no3,491,500
Omon,no3,501,510
Omon,no3,511,520
Omon,no3,521,530
Omon,no3,531,540
Omon,no3,541,550
Omon,no3,551,560
Omon,no3,561,570
Omon,no3,571,580
Omon,no3,581,590
Omon,no3,591,600
Omon,no3os,101,600
Omon,o2,101,110
Omon,o2,111,120
Omon,o2,121,130
Omon,o2,131,140
Omon,o2,141,150
Omon,o2,151,160
Omon,o2,161,170
Omon,o2,171,180
Omon,o2,181,190
Omon,o2,191,200
Omon,o2,201,210
Omon,o2,211,220
Omon,o2,221,230
Omon,o2,231,240
Omon,o2,241,250
Omon,o2,251,260
Omon,o2,261,270
Omon,o2,271,280
Omon,o2,281,290
Omon,o2,291,300
Omon,o2,301,310
Omon,o2,311,320
Omon,o2,321,330
Omon,o2,331,340
Omon,o2,341,350
Omon,o2,351,360
Omon,o2,361,370
Omon,o2,371,380
Omon,o2,381,390
Omon,o2,391,400
Omon,o2,401,410
Omon,o2,411,420
Omon,o2,421,430
Omon,o2,431,440
Omon,o2,441,450
Omon,o2,451,460
Omon,o2,461,470
Omon,o2,471,480
Omon,o2,481,490
Omon,o2,491,500
Omon,o2,501,510
Omon,o2,511,520
Omon,o2,521,530
Omon,o2,531,540
Omon,o2,541,550
Omon,o2,551,560
Omon,o2,561,570
Omon,o2,571,580
Omon,o2,581,590
Omon,o2,591,600
Omon,o2os,101,600
Omon,obvfsq,101,110
Omon,obvfsq,111,120
Omon,obvfsq,121,130
Omon,obvfsq,131,140
Omon,obvfsq,141,150
Omon,obvfsq,151,160
Omon,obvfsq,161,170
Omon,obvfsq,171,180
Omon,obvfsq,181,190
Omon,obvfsq,191,200
Omon,obvfsq,201,210
Omon,obvfsq,211,220
Omon,obvfsq,221,230
Omon,obvfsq,231,240
Omon,obvfsq,241,250
Omon,obvfsq,251,260
Omon,obvfsq,261,270
Omon,obvfsq,271,280
Omon,obvfsq,281,290
Omon,obvfsq,291,300
Omon,obvfsq,301,310
Omon,obvfsq,311,320
Omon,obvfsq,321,330
Omon,obvfsq,331,340
Omon,obvfsq,341,350
Omon,obvfsq,351,360
Omon,obvfsq,361,370
Omon,obvfsq,371,380
Omon,obvfsq,381,390
Omon,obvfsq,391,400
Omon,obvfsq,401,410
Omon,obvfsq,411,420
Omon,obvfsq,421,430
Omon,obvfsq,431,440
Omon,obvfsq,441,450
Omon,obvfsq,451,460
Omon,obvfsq,461,470
Omon,obvfsq,471,480
Omon,obvfsq,481,490
Omon,obvfsq,491,500
Omon,obvfsq,501,510
Omon,obvfsq,511,520
Omon,obvfsq,521,530
Omon,obvfsq,531,540
Omon,obvfsq,541,550
Omon,obvfsq,551,560
Omon,obvfsq,561,570
Omon,obvfsq,571,580
Omon,obvfsq,581,590
Omon,obvfsq,591,600
Omon,pbo,101,600
Omon,phycos,101,600
Omon,phynos,101,600
Omon,po4,101,110
Omon,po4,111,120
Omon,po4,121,130
Omon,po4,131,140
Omon,po4,141,150
Omon,po4,151,160
Omon,po4,161,170
Omon,po4,171,180
Omon,po4,181,190
Omon,po4,191,200
Omon,po4,201,210
Omon,po4,211,220
Omon,po4,221,230
Omon,po4,231,240
Omon,po4,241,250
Omon,po4,251,260
Omon,po4,261,270
Omon,po4,271,280
Omon,po4,281,290
Omon,po4,291,300
Omon,po4,301,310
Omon,po4,311,320
Omon,po4,321,330
Omon,po4,331,340
Omon,po4,341,350
Omon,po4,351,360
Omon,po4,361,370
Omon,po4,371,380
Omon,po4,381,390
Omon,po4,391,400
Omon,po4,401,410
Omon,po4,411,420
Omon,po4,421,430
Omon,po4,431,440
Omon,po4,441,450
Omon,po4,451,460
Omon,po4,461,470
Omon,po4,471,480
Omon,po4,481,490
Omon,po4,491,500
Omon,po4,501,510
Omon,po4,511,520
Omon,po4,521,530
Omon,po4,531,540
Omon,po4,541,550
Omon,po4,551,560
Omon,po4,561,570
Omon,po4,571,580
Omon,po4,581,590
Omon,po4,591,600
Omon,po4os,101,600
Omon,prra,101,600
Omon,prsn,101,600
Omon,pso,101,600
Omon,rlntds,101,600
Omon,rsntds,101,600
Omon,sfriver,101,600
Omon,sltovgyre,101,600
Omon,sltovovrt,101,600
Omon,so,101,110
Omon,so,111,120
Omon,so,121,130
Omon,so,131,140
Omon,so,141,150
Omon,so,151,160
Omon,so,161,170
Omon,so,171,180
Omon,so,181,190
Omon,so,191,200
Omon,so,201,210
Omon,so,211,220
Omon,so,221,230
Omon,so,231,240
Omon,so,241,250
Omon,so,251,260
Omon,so,261,270
Omon,so,271,280
Omon,so,281,290
Omon,so,291,300
Omon,so,301,310
Omon,so,311,320
Omon,so,321,330
Omon,so,331,340
Omon,so,341,350
Omon,so,351,360
Omon,so,361,370
Omon,so,371,380
Omon,so,381,390
Omon,so,391,400
Omon,so,401,410
Omon,so,411,420
Omon,so,421,430
Omon,so,431,440
Omon,so,441,450
Omon,so,451,460
Omon,so,461,470
Omon,so,471,480
Omon,so,481,490
Omon,so,491,500
Omon,so,501,510
Omon,so,511,520
Omon,so,521,530
Omon,so,531,540
Omon,so,541,550
Omon,so,551,560
Omon,so,561,570
Omon,so,571,580
Omon,so,581,590
Omon,so,591,600
Omon,sob,101,600
Omon,soga,101,600
Omon,sos,101,600
Omon,sosga,101,600
Omon,spco2,101,600
Omon,spco2nat,101,600
Omon,talk,101,110
Omon,talk,111,120
Omon,talk,121,130
Omon,talk,131,140
Omon,talk,141,150
Omon,talk,151,160
Omon,talk,161,170
Omon,talk,171,180
Omon,talk,181,190
Omon,talk,191,200
Omon,talk,201,210
Omon,talk,211,220
Omon,talk,221,230
Omon,talk,231,240
Omon,talk,241,250
Omon,talk,251,260
Omon,talk,261,270
Omon,talk,271,280
Omon,talk,281,290
Omon,talk,291,300
Omon,talk,301,310
Omon,talk,311,320
Omon,talk,321,330
Omon,talk,331,340
Omon,talk,341,350
Omon,talk,351,360
Omon,talk,361,370
Omon,talk,371,380
Omon,talk,381,390
Omon,talk,391,400
Omon,talk,401,410
Omon,talk,411,420
Omon,talk,421,430
Omon,talk,431,440
Omon,talk,441,450
Omon,talk,451,460
Omon,talk,461,470
Omon,talk,471,480
Omon,talk,481,490
Omon,talk,491,500
Omon,talk,501,510
Omon,talk,511,520
Omon,talk,521,530
Omon,talk,531,540
Omon,talk,541,550
Omon,talk,551,560
Omon,talk,561,570
Omon,talk,571,580
Omon,talk,581,590
Omon,talk,591,600
Omon,talkos,101,600
Omon,tauuo,101,600
Omon,tauvo,101,600
Omon,thetao,101,110
Omon,thetao,111,120
Omon,thetao,121,130
Omon,thetao,131,140
Omon,thetao,141,150
Omon,thetao,151,160
Omon,thetao,161,170
Omon,thetao,171,180
Omon,thetao,181,190
Omon,thetao,191,200
Omon,thetao,201,210
Omon,thetao,211,220
Omon,thetao,221,230
Omon,thetao,231,240
Omon,thetao,241,250
Omon,thetao,251,260
Omon,thetao,261,270
Omon,thetao,271,280
Omon,thetao,281,290
Omon,thetao,291,300
Omon,thetao,301,310
Omon,thetao,311,320
Omon,thetao,321,330
Omon,thetao,331,340
Omon,thetao,341,350
Omon,thetao,351,360
Omon,thetao,361,370
Omon,thetao,371,380
Omon,thetao,381,390
Omon,thetao,391,400
Omon,thetao,401,410
Omon,thetao,411,420
Omon,thetao,421,430
Omon,thetao,431,440
Omon,thetao,441,450
Omon,thetao,451,460
Omon,thetao,461,470
Omon,thetao,471,480
Omon,thetao,481,490
Omon,thetao,491,500
Omon,thetao,501,510
Omon,thetao,511,520
Omon,thetao,521,530
Omon,thetao,531,540
Omon,thetao,541,550
Omon,thetao,551,560
Omon,thetao,561,570
Omon,thetao,571,580
Omon,thetao,581,590
Omon,thetao,591,600
Omon,thetaoga,101,600
Omon,tos,101,600
Omon,tosga,101,600
Omon,umo,101,110
Omon,umo,111,120
Omon,umo,121,130
Omon,umo,131,140
Omon,umo,141,150
Omon,umo,151,160
Omon,umo,161,170
Omon,umo,171,180
Omon,umo,181,190
Omon,umo,191,200
Omon,umo,201,210
Omon,umo,211,220
Omon,umo,221,230
Omon,umo,231,240
Omon,umo,241,250
Omon,umo,251,260
Omon,umo,261,270
Omon,umo,271,280
Omon,umo,281,290
Omon,umo,291,300
Omon,umo,301,310
Omon,umo,311,320
Omon,umo,321,330
Omon,umo,331,340
Omon,umo,341,350
Omon,umo,351,360
Omon,umo,361,370
Omon,umo,371,380
Omon,umo,381,390
Omon,umo,391,400
Omon,umo,401,410
Omon,umo,411,420
Omon,umo,421,430
Omon,umo,431,440
Omon,umo,441,450
Omon,umo,451,460
Omon,umo,461,470
Omon,umo,471,480
Omon,umo,481,490
Omon,umo,491,500
Omon,umo,501,510
Omon,umo,511,520
Omon,umo,521,530
Omon,umo,531,540
Omon,umo,541,550
Omon,umo,551,560
Omon,umo,561,570
Omon,umo,571,580
Omon,umo,581,590
Omon,umo,591,600
Omon,uo,101,110
Omon,uo,111,120
Omon,uo,121,130
Omon,uo,131,140
Omon,uo,141,150
Omon,uo,151,160
Omon,uo,161,170
Omon,uo,171,180
Omon,uo,181,190
Omon,uo,191,200
Omon,uo,201,210
Omon,uo,211,220
Omon,uo,221,230
Omon,uo,231,240
Omon,uo,241,250
Omon,uo,251,260
Omon,uo,261,270
Omon,uo,271,280
Omon,uo,281,290
Omon,uo,291,300
Omon,uo,301,310
Omon,uo,311,320
Omon,uo,321,330
Omon,uo,331,340
Omon,uo,341,350
Omon,uo,351,360
Omon,uo,361,370
Omon,uo,371,380
Omon,uo,381,390
Omon,uo,391,400
Omon,uo,401,410
Omon,uo,411,420
Omon,uo,421,430
Omon,uo,431,440
Omon,uo,441,450
Omon,uo,451,460
Omon,uo,461,470
Omon,uo,471,480
Omon,uo,481,490
Omon,uo,491,500
Omon,uo,501,510
Omon,uo,511,520
Omon,uo,521,530
Omon,uo,531,540
Omon,uo,541,550
Omon,uo,551,560
Omon,uo,561,570
Omon,uo,571,580
Omon,uo,581,590
Omon,uo,591,600
Omon,vmo,101,110
Omon,vmo,111,120
Omon,vmo,121,130
Omon,vmo,131,140
Omon,vmo,141,150
Omon,vmo,151,160
Omon,vmo,161,170
Omon,vmo,171,180
Omon,vmo,181,190
Omon,vmo,191,200
Omon,vmo,201,210
Omon,vmo,211,220
Omon,vmo,221,230
Omon,vmo,231,240
Omon,vmo,241,250
Omon,vmo,251,260
Omon,vmo,261,270
Omon,vmo,271,280
Omon,vmo,281,290
Omon,vmo,291,300
Omon,vmo,301,310
Omon,vmo,311,320
Omon,vmo,321,330
Omon,vmo,331,340
Omon,vmo,341,350
Omon,vmo,351,360
Omon,vmo,361,370
Omon,vmo,371,380
Omon,vmo,381,390
Omon,vmo,391,400
Omon,vmo,401,410
Omon,vmo,411,420
Omon,vmo,421,430
Omon,vmo,431,440
Omon,vmo,441,450
Omon,vmo,451,460
Omon,vmo,461,470
Omon,vmo,471,480
Omon,vmo,481,490
Omon,vmo,491,500
Omon,vmo,501,510
Omon,vmo,511,520
Omon,vmo,521,530
Omon,vmo,531,540
Omon,vmo,541,550
Omon,vmo,551,560
Omon,vmo,561,570
Omon,vmo,571,580
Omon,vmo,581,590
Omon,vmo,591,600
Omon,vo,101,110
Omon,vo,111,120
Omon,vo,121,130
Omon,vo,131,140
Omon,vo,141,150
Omon,vo,151,160
Omon,vo,161,170
Omon,vo,171,180
Omon,vo,181,190
Omon,vo,191,200
Omon,vo,201,210
Omon,vo,211,220
Omon,vo,221,230
Omon,vo,231,240
Omon,vo,241,250
Omon,vo,251,260
Omon,vo,261,270
Omon,vo,271,280
Omon,vo,281,290
Omon,vo,291,300
Omon,vo,301,310
Omon,vo,311,320
Omon,vo,321,330
Omon,vo,331,340
Omon,vo,341,350
Omon,vo,351,360
Omon,vo,361,370
Omon,vo,371,380
Omon,vo,381,390
Omon,vo,391,400
Omon,vo,401,410
Omon,vo,411,420
Omon,vo,421,430
Omon,vo,431,440
Omon,vo,441,450
Omon,vo,451,460
Omon,vo,461,470
Omon,vo,471,480
Omon,vo,481,490
Omon,vo,491,500
Omon,vo,501,510
Omon,vo,511,520
Omon,vo,521,530
Omon,vo,531,540
Omon,vo,541,550
Omon,vo,551,560
Omon,vo,561,570
Omon,vo,571,580
Omon,vo,581,590
Omon,vo,591,600
Omon,volcello,101,110
Omon,volcello,111,120
Omon,volcello,121,130
Omon,volcello,131,140
Omon,volcello,141,150
Omon,volcello,151,160
Omon,volcello,161,170
Omon,volcello,171,180
Omon,volcello,181,190
Omon,volcello,191,200
Omon,volcello,201,210
Omon,volcello,211,220
Omon,volcello,221,230
Omon,volcello,231,240
Omon,volcello,241,250
Omon,volcello,251,260
Omon,volcello,261,270
Omon,volcello,271,280
Omon,volcello,281,290
Omon,volcello,291,300
Omon,volcello,301,310
Omon,volcello,311,320
Omon,volcello,321,330
Omon,volcello,331,340
Omon,volcello,341,350
Omon,volcello,351,360
Omon,volcello,361,370
Omon,volcello,371,380
Omon,volcello,381,390
Omon,volcello,391,400
Omon,volcello,401,410
Omon,volcello,411,420
Omon,volcello,421,430
Omon,volcello,431,440
Omon,volcello,441,450
Omon,volcello,451,460
Omon,volcello,461,470
Omon,volcello,471,480
Omon,volcello,481,490
Omon,volcello,491,500
Omon,volcello,501,510
Omon,volcello,511,520
Omon,volcello,521,530
Omon,volcello,531,540
Omon,volcello,541,550
Omon,volcello,551,560
Omon,volcello,561,570
Omon,volcello,571,580
Omon,volcello,581,590
Omon,volcello,591,600
Omon,volo,101,600
Omon,wfo,101,600
Omon,wmo,101,110
Omon,wmo,111,120
Omon,wmo,121,130
Omon,wmo,131,140
Omon,wmo,141,150
Omon,wmo,151,160
Omon,wmo,161,170
Omon,wmo,171,180
Omon,wmo,181,190
Omon,wmo,191,200
Omon,wmo,201,210
Omon,wmo,211,220
Omon,wmo,221,230
Omon,wmo,231,240
Omon,wmo,241,250
Omon,wmo,251,260
Omon,wmo,261,270
Omon,wmo,271,280
Omon,wmo,281,290
Omon,wmo,291,300
Omon,wmo,301,310
Omon,wmo,311,320
Omon,wmo,321,330
Omon,wmo,331,340
Omon,wmo,341,350
Omon,wmo,351,360
Omon,wmo,361,370
Omon,wmo,371,380
Omon,wmo,381,390
Omon,wmo,391,400
Omon,wmo,401,410
Omon,wmo,411,420
Omon,wmo,421,430
Omon,wmo,431,440
Omon,wmo,441,450
Omon,wmo,451,460
Omon,wmo,461,470
Omon,wmo,471,480
Omon,wmo,481,490
Omon,wmo,491,500
Omon,wmo,501,510
Omon,wmo,511,520
Omon,wmo,521,530
Omon,wmo,531,540
Omon,wmo,541,550
Omon,wmo,551,560
Omon,wmo,561,570
Omon,wmo,571,580
Omon,wmo,581,590
Omon,wmo,591,600
Omon,zos,101,600
Omon,zostoga,101,600
Emon,fBNF,296,325
Eday,lai,296,325
Emon,fDeforestToProduct,296,325
Emon,fNdep,296,325
day,clt,296,325
Emon,fNgas,296,325
Emon,fNleach,296,325
Emon,fNloss,296,325
Emon,fNnetmin,296,325
Emon,fNup,296,325
Emon,fProductDecomp,296,325
Emon,nProduct,296,325
day,hfls,296,325
3hr,clt,296,305
6hrPlevPt,psl,296,305
day,hfss,296,325
6hrPlevPt,psl,306,315
3hr,clt,306,315
Lmon,cProduct,296,325
6hrPlevPt,psl,316,325
day,hur,296,300
6hrPlevPt,ta,296,296
3hr,clt,316,325
6hrPlevPt,ta,297,297
day,hur,301,305
6hrPlevPt,ta,298,298
6hrPlevPt,ta,299,299
6hrPlevPt,ta,300,300
6hrPlevPt,ta,301,301
6hrPlevPt,ta,302,302
3hr,hfls,296,305
6hrPlevPt,ta,303,303
6hrPlevPt,ta,304,304
day,hur,306,310
6hrPlevPt,ta,305,305
6hrPlevPt,ta,306,306
6hrPlevPt,ta,307,307
6hrPlevPt,ta,308,308
day,hur,311,315
6hrPlevPt,ta,309,309
3hr,hfls,306,315
6hrPlevPt,ta,310,310
6hrPlevPt,ta,311,311
6hrPlevPt,ta,312,312
day,hur,316,320
6hrPlevPt,ta,313,313
6hrPlevPt,ta,314,314
day,hur,321,325
6hrPlevPt,ta,315,315
3hr,hfls,316,325
6hrPlevPt,ta,316,316
6hrPlevPt,ta,317,317
6hrPlevPt,ta,318,318
6hrPlevPt,ta,319,319
6hrPlevPt,ta,320,320
day,hus,296,300
6hrPlevPt,ta,321,321
6hrPlevPt,ta,322,322
day,hus,301,305
6hrPlevPt,ta,323,323
6hrPlevPt,ta,324,324
6hrPlevPt,ta,325,325
day,hus,306,310
6hrPlevPt,ua,296,296
3hr,hfss,296,305
6hrPlevPt,ua,297,297
day,hus,311,315
6hrPlevPt,ua,298,298
6hrPlevPt,ua,299,299
day,hus,316,320
6hrPlevPt,ua,300,300
6hrPlevPt,ua,301,301
6hrPlevPt,ua,302,302
day,hus,321,325
6hrPlevPt,ua,303,303
day,mrro,296,325
6hrPlevPt,ua,304,304
day,prc,296,325
6hrPlevPt,ua,305,305
day,prsn,296,325
6hrPlevPt,ua,306,306
6hrPlevPt,ua,307,307
day,rlds,296,325
6hrPlevPt,ua,308,308
6hrPlevPt,ua,309,309
3hr,hfss,306,315
day,rlus,296,325
6hrPlevPt,ua,310,310
6hrPlevPt,ua,311,311
day,rlut,296,325
6hrPlevPt,ua,312,312
6hrPlevPt,ua,313,313
day,rsds,296,325
6hrPlevPt,ua,314,314
3hr,hfss,316,325
6hrPlevPt,ua,315,315
6hrPlevPt,ua,316,316
6hrPlevPt,ua,317,317
6hrPlevPt,ua,318,318
day,rsus,296,325
3hr,huss,296,305
6hrPlevPt,ua,319,319
day,sfcWindmax,296,325
6hrPlevPt,ua,320,320
day,snw,296,325
6hrPlevPt,ua,321,321
6hrPlevPt,ua,322,322
day,ta,296,300
6hrPlevPt,ua,323,323
6hrPlevPt,ua,324,324
day,ta,301,305
3hr,huss,306,315
6hrPlevPt,ua,325,325
6hrPlevPt,va,296,296
day,ta,306,310
6hrPlevPt,va,297,297
6hrPlevPt,va,298,298
3hr,huss,316,325
6hrPlevPt,va,299,299
day,ta,311,315
3hr,mrsos,296,305
6hrPlevPt,va,300,300
6hrPlevPt,va,301,301
day,ta,316,320
3hr,mrsos,306,315
6hrPlevPt,va,302,302
6hrPlevPt,va,303,303
day,ta,321,325
3hr,mrsos,316,325
6hrPlevPt,va,304,304
day,ua,296,300
6hrPlevPt,va,305,305
6hrPlevPt,va,306,306
day,ua,301,305
6hrPlevPt,va,307,307
6hrPlevPt,va,308,308
day,ua,306,310
6hrPlevPt,va,309,309
6hrPlevPt,va,310,310
day,ua,311,315
6hrPlevPt,va,311,311
3hr,pr,296,305
6hrPlevPt,va,312,312
6hrPlevPt,va,313,313
day,ua,316,320
6hrPlevPt,va,314,314
day,ua,321,325
6hrPlevPt,va,315,315
3hr,pr,306,315
day,uas,296,325
6hrPlevPt,va,316,316
6hrPlevPt,va,317,317
day,va,296,300
3hr,pr,316,325
6hrPlevPt,va,318,318
6hrPlevPt,va,319,319
3hr,prc,296,305
6hrPlevPt,va,320,320
day,va,301,305
3hr,prc,306,315
6hrPlevPt,va,321,321
3hr,prc,316,325
6hrPlevPt,va,322,322
3hr,prsn,296,305
day,va,306,310
6hrPlevPt,va,323,323
6hrPlevPt,va,324,324
3hr,prsn,306,315
day,va,311,315
6hrPlevPt,va,325,325
3hr,prsn,316,325
day,va,316,320
6hrPlevPt,zg500,296,305
day,va,321,325
6hrPlevPt,zg500,306,315
day,vas,296,325
6hrPlevPt,zg500,316,325
day,wap,296,300
3hr,ps,296,305
day,wap,301,305
day,wap,306,310
day,wap,311,315
3hr,ps,306,315
day,wap,316,320
day,wap,321,325
3hr,ps,316,325
3hr,rlds,296,305
3hr,rlds,306,315
3hr,rlds,316,325
3hr,rldscs,296,305
3hr,rldscs,306,315
3hr,rldscs,316,325
3hr,rlus,296,305
3hr,rlus,306,315
3hr,rlus,316,325
3hr,rsds,296,305
3hr,rsds,306,315
3hr,rsds,316,325
3hr,rsdscs,296,305
3hr,rsdscs,306,315
3hr,rsdscs,316,325
3hr,rsus,296,305
3hr,rsus,306,315
3hr,rsus,316,325
3hr,rsuscs,296,305
3hr,rsuscs,306,315
3hr,rsuscs,316,325
3hr,tas,296,305
3hr,tas,306,315
3hr,tas,316,325
3hr,uas,296,305
3hr,uas,306,315
3hr,uas,316,325
3hr,vas,296,305
3hr,vas,306,315
3hr,vas,316,325
Efx,vegHeight,601,1000
Eday,mrsfl,601,605
Eyr,baresoilFrac,601,1000
fx,areacella,601,1000
Eyr,cropFrac,601,1000
Eday,mrsfl,606,610
fx,orog,601,1000
Eyr,fracLut,601,1000
fx,sftgif,601,1000
Amon,cl,601,620
fx,sftlf,601,1000
Eyr,grassFrac,601,1000
LImon,sftgif,601,1000
Emon,cLand,601,1000
fx,zfull,601,1000
Eyr,shrubFrac,601,1000
Eday,mrsfl,611,615
Eyr,treeFrac,601,1000
Emon,cSoil,601,1000
LImon,snm,601,1000
Eyr,vegFrac,601,1000
Eday,mrsfl,616,620
LImon,snw,601,1000
Emon,cWood,601,1000
Lmon,baresoilFrac,601,1000
Eday,mrsfl,621,625
Ofx,areacello,601,1000
Ofx,basin,601,1000
Emon,cropFracC3,601,1000
Amon,cl,621,640
Ofx,deptho,601,1000
Eday,mrsfl,626,630
Ofx,masscello,601,1000
Lmon,c3PftFrac,601,1000
Emon,fBNF,601,1000
Ofx,sftof,601,1000
Lmon,c4PftFrac,601,1000
Ofx,thkcello,601,1000
Eday,mrsfl,631,635
Ofx,volcello,601,1000
day,hurs,601,650
Lmon,cCwd,601,1000
Eday,mrsfl,636,640
Emon,fNdep,601,1000
Amon,cl,641,660
Lmon,cLeaf,601,1000
Eday,mrsfl,641,645
Emon,fNgas,601,1000
SImon,siareaacrossline,601,1000
Omon,agessc,601,610
SImon,siarean,601,1000
SImon,siareas,601,1000
Eday,mrsfl,646,650
Lmon,cLitter,601,1000
Emon,fNleach,601,1000
Eday,mrsfl,651,655
Amon,cl,661,680
Lmon,cRoot,601,1000
SImon,sicompstren,601,1000
Eday,mrsfl,656,660
Emon,fNloss,601,1000
Eday,mrsfl,661,665
Emon,fNnetmin,601,1000
Eday,mrsfl,666,670
SImon,siconc,601,1000
Lmon,cSoilFast,601,1000
Omon,agessc,611,620
Amon,cl,681,700
SImon,siconca,601,1000
Emon,fNup,601,1000
Eday,mrsfl,671,675
Oyr,arag,601,700
day,hurs,651,700
Lmon,cSoilMedium,601,1000
Eday,mrsfl,676,680
Emon,fracLut,601,1000
Eday,mrsfl,681,685
SImon,sidivvel,601,1000
Lmon,cSoilSlow,601,1000
Emon,grassFracC3,601,1000
Emon,grassFracC4,601,1000
Eday,mrsfl,686,690
Lmon,cVeg,601,1000
Amon,cl,701,720
Eday,mrsfl,691,695
Lmon,cropFrac,601,1000
SImon,sidmassevapsubl,601,1000
Eday,mrsfl,696,700
Omon,agessc,621,630
Oyr,arag,701,800
Lmon,evspsblsoi,601,1000
Eday,mrsfl,701,705
Eday,mrsfl,706,710
Lmon,gpp,601,1000
Emon,intuaw,601,1000
SImon,sidmasstranx,601,1000
Lmon,grassFrac,601,1000
Eday,mrsfl,711,715
Amon,cl,721,740
Lmon,lai,601,1000
SImon,sidmasstrany,601,1000
Eday,mrsfl,716,720
SImon,siextentn,601,1000
Eday,mrsfl,721,725
SImon,siextents,601,1000
Eday,mrsfl,726,730
Oyr,arag,801,900
Emon,intvaw,601,1000
Omon,agessc,631,640
day,hurs,701,750
Lmon,landCoverFrac,601,1000
Amon,cl,741,760
Eday,mrsfl,731,735
Emon,mrlso,601,1000
Lmon,mrfso,601,1000
SImon,siflfwbot,601,1000
Eday,mrsfl,736,740
Lmon,mrro,601,1000
Emon,mrsfl,601,700
Amon,cl,761,780
SImon,sifllatstop,601,1000
Eday,mrsfl,741,745
Emon,mrsfl,701,800
Lmon,mrros,601,1000
Emon,mrsfl,801,900
Eday,mrsfl,746,750
Oyr,arag,901,1000
Omon,agessc,641,650
Lmon,mrso,601,1000
Emon,mrsfl,901,1000
Eday,mrsfl,751,755
Amon,cl,781,800
Eday,mrsfl,756,760
SImon,siflsensupbot,601,1000
Lmon,mrsos,601,1000
Emon,mrsll,601,700
Eday,mrsfl,761,765
Lmon,nbp,601,1000
Amon,cl,801,820
SImon,simass,601,1000
Lmon,npp,601,1000
Eday,mrsfl,766,770
Oyr,chl,601,700
Emon,mrsll,701,800
SImon,simassacrossline,601,1000
day,hurs,751,800
Omon,agessc,651,660
Lmon,ra,601,1000
Eday,mrsfl,771,775
Emon,mrsll,801,900
Lmon,residualFrac,601,1000
SImon,sipr,601,1000
Amon,cl,821,840
Lmon,rh,601,1000
Emon,mrsll,901,1000
Eday,mrsfl,776,780
Lmon,shrubFrac,601,1000
SImon,sisnconc,601,1000
Lmon,treeFrac,601,1000
Emon,mrsol,601,700
Eday,mrsfl,781,785
Amon,cl,841,860
Lmon,tsl,601,700
SImon,sisnmass,601,1000
Oyr,chl,701,800
Eday,mrsfl,786,790
Omon,agessc,661,670
Emon,mrsol,701,800
Eday,mrsfl,791,795
Lmon,tsl,701,800
Eday,mrsfl,796,800
Emon,mrsol,801,900
SImon,sisnthick,601,1000
day,hurs,801,850
Amon,cl,861,880
Eday,mrsfl,801,805
Emon,mrsol,901,1000
SImon,sispeed,601,1000
Lmon,tsl,801,900
Eday,mrsfl,806,810
Emon,nLand,601,1000
Lmon,tsl,901,1000
Emon,nLitter,601,1000
Eday,mrsfl,811,815
Omon,agessc,671,680
Eday,mrsfl,816,820
SImon,sistrxdtop,601,1000
Oyr,chl,801,900
Amon,cl,881,900
Emon,nMineral,601,1000
Eday,mrsfl,821,825
day,hurs,851,900
SImon,sistrxubot,601,1000
Eday,mrsfl,826,830
Emon,nSoil,601,1000
Eday,mrsfl,831,835
Amon,cl,901,920
Eday,mrsfl,836,840
Emon,nVeg,601,1000
Omon,agessc,681,690
SImon,sistrydtop,601,1000
Eday,mrsfl,841,845
Emon,nep,601,1000
Oyr,chl,901,1000
Eday,mrsfl,846,850
Emon,nwdFracLut,601,1000
Amon,cl,921,940
SImon,sistryubot,601,1000
Eday,mrsfl,851,855
Emon,orog,601,1000
Eday,mrsfl,856,860
day,hurs,901,950
SImon,sithick,601,1000
Eday,mrsfl,861,865
Amon,cl,941,960
Eday,mrsfl,866,870
Omon,agessc,691,700
Oyr,detoc,601,700
Emon,rls,601,1000
SImon,siu,601,1000
Eday,mrsfl,871,875
Eday,mrsfl,876,880
Amon,cl,961,980
SImon,siv,601,1000
Eday,mrsfl,881,885
Emon,rss,601,1000
Emon,treeFracBdlDcd,601,1000
Eday,mrsfl,886,890
SImon,sivol,601,1000
Emon,treeFracBdlEvg,601,1000
SImon,sivoln,601,1000
Amon,cl,981,1000
Emon,treeFracNdlDcd,601,1000
Eday,mrsfl,891,895
Omon,agessc,701,710
SImon,sivols,601,1000
Oyr,detoc,701,800
day,hurs,951,1000
Emon,treeFracNdlEvg,601,1000
Eday,mrsfl,896,900
Amon,cli,601,620
Eday,mrsfl,901,905
SImon,sndmasssnf,601,1000
SImon,snmassacrossline,601,1000
Emon,vegFrac,601,1000
Eday,mrsfl,906,910
Emon,vegHeight,601,1000
Eday,mrsfl,911,915
Emon,wetlandFrac,601,1000
Amon,cli,621,640
Omon,agessc,711,720
Eday,mrsfl,916,920
Oyr,detoc,801,900
Eday,mrsfl,921,925
day,hursmax,601,650
Amon,cli,641,660
Eday,mrsfl,926,930
Eday,mrsfl,931,935
Omon,agessc,721,730
Eday,mrsfl,936,940
Oyr,detoc,901,1000
Amon,cli,661,680
Eday,mrsfl,941,945
Eday,mrsfl,946,950
Amon,cli,681,700
Eday,mrsfl,951,955
day,hursmax,651,700
Omon,agessc,731,740
Eday,mrsfl,956,960
Oyr,dfe,601,700
Amon,cli,701,720
Eday,mrsfl,961,965
Eday,mrsfl,966,970
Omon,agessc,741,750
Eday,mrsfl,971,975
Oyr,dfe,701,800
Amon,cli,721,740
day,hursmax,701,750
Eday,mrsfl,976,980
Eday,mrsfl,981,985
Amon,cli,741,760
Oyr,dfe,801,900
Eday,mrsfl,986,990
Eday,mrsfl,991,995
Amon,cli,761,780
Omon,agessc,751,760
Eday,mrsfl,996,1000
Oyr,dfe,901,1000
Amon,cli,781,800
Eday,mrsll,601,605
day,hursmax,751,800
Oyr,dissic,601,700
Omon,agessc,761,770
Amon,cli,801,820
Eday,mrsll,606,610
Eday,mrsll,611,615
Amon,cli,821,840
Oyr,dissic,701,800
Eday,mrsll,616,620
Omon,agessc,771,780
day,hursmax,801,850
Eday,mrsll,621,625
Amon,cli,841,860
Oyr,dissic,801,900
Omon,agessc,781,790
Eday,mrsll,626,630
Amon,cli,861,880
day,hursmax,851,900
Oyr,dissic,901,1000
Eday,mrsll,631,635
Amon,cli,881,900
Eday,mrsll,636,640
Omon,agessc,791,800
Oyr,dissicnat,601,700
Amon,cli,901,920
Eday,mrsll,641,645
day,hursmax,901,950
Eday,mrsll,646,650
Amon,cli,921,940
Oyr,dissicnat,701,800
Omon,agessc,801,810
Eday,mrsll,651,655
Eday,mrsll,656,660
Amon,cli,941,960
Oyr,dissicnat,801,900
Eday,mrsll,661,665
Amon,cli,961,980
day,hursmax,951,1000
Omon,agessc,811,820
Eday,mrsll,666,670
Oyr,dissicnat,901,1000
Eday,mrsll,671,675
Amon,cli,981,1000
Oyr,fgco2,601,1000
Eday,mrsll,676,680
Omon,agessc,821,830
Oyr,fgco2nat,601,1000
Amon,clivi,601,1000
Eday,mrsll,681,685
day,hursmin,601,650
Amon,clt,601,1000
Eday,mrsll,686,690
Omon,agessc,831,840
Oyr,no3,601,700
Amon,clw,601,620
Eday,mrsll,691,695
Eday,mrsll,696,700
Eday,mrsll,701,705
Oyr,no3,701,800
Amon,clw,621,640
day,hursmin,651,700
Omon,agessc,841,850
Amon,clw,641,660
Eday,mrsll,706,710
Amon,clw,661,680
Eday,mrsll,711,715
Omon,agessc,851,860
Eday,mrsll,716,720
Oyr,no3,801,900
Amon,clw,681,700
Eday,mrsll,721,725
Amon,clw,701,720
Eday,mrsll,726,730
day,hursmin,701,750
Oyr,no3,901,1000
Omon,agessc,861,870
Amon,clw,721,740
Eday,mrsll,731,735
Amon,clw,741,760
Eday,mrsll,736,740
Oyr,o2,601,700
Omon,agessc,871,880
Eday,mrsll,741,745
Amon,clw,761,780
Eday,mrsll,746,750
Amon,clw,781,800
Oyr,o2,701,800
Omon,agessc,881,890
Amon,clw,801,820
Eday,mrsll,751,755
day,hursmin,751,800
Eday,mrsll,756,760
Oyr,o2,801,900
Eday,mrsll,761,765
Amon,clw,821,840
Omon,agessc,891,900
Amon,clw,841,860
Eday,mrsll,766,770
Oyr,o2,901,1000
Eday,mrsll,771,775
Amon,clw,861,880
Omon,agessc,901,910
Amon,clw,881,900
Eday,mrsll,776,780
Eday,mrsll,781,785
day,hursmin,801,850
Amon,clw,901,920
Eday,mrsll,786,790
Oyr,po4,601,700
Omon,agessc,911,920
Eday,mrsll,791,795
Amon,clw,921,940
Eday,mrsll,796,800
Oyr,po4,701,800
Amon,clw,941,960
Eday,mrsll,801,805
day,hursmin,851,900
Omon,agessc,921,930
Amon,clw,961,980
Eday,mrsll,806,810
Oyr,po4,801,900
Amon,clw,981,1000
Eday,mrsll,811,815
Oyr,po4,901,1000
Eday,mrsll,816,820
Omon,agessc,931,940
Amon,evspsbl,601,1000
Eday,mrsll,821,825
day,hursmin,901,950
Eday,mrsll,826,830
Amon,hfls,601,1000
Oyr,talk,601,700
Eday,mrsll,831,835
Amon,hfss,601,1000
Eday,mrsll,836,840
Omon,agessc,941,950
day,hursmin,951,1000
Oyr,talk,701,800
Eday,mrsll,841,845
Eday,mrsll,846,850
Omon,agessc,951,960
Eday,mrsll,851,855
Oyr,talk,801,900
Eday,mrsll,856,860
day,huss,601,650
Eday,mrsll,861,865
Amon,hur,601,700
Oyr,talk,901,1000
Omon,agessc,961,970
Eday,mrsll,866,870
Eday,mrsll,871,875
Eday,mrsll,876,880
day,huss,651,700
Amon,hur,701,800
Omon,agessc,971,980
Eday,mrsll,881,885
Eday,mrsll,886,890
Eday,mrsll,891,895
Omon,agessc,981,990
Eday,mrsll,896,900
day,huss,701,750
Eday,mrsll,901,905
Omon,agessc,991,1000
Eday,mrsll,906,910
Amon,hur,801,900
Eday,mrsll,911,915
Eday,mrsll,916,920
day,huss,751,800
Omon,arag,601,610
Eday,mrsll,921,925
Eday,mrsll,926,930
Amon,hur,901,1000
Eday,mrsll,931,935
Omon,arag,611,620
Amon,hurs,601,1000
Eday,mrsll,936,940
day,huss,801,850
Eday,mrsll,941,945
Eday,mrsll,946,950
Omon,arag,621,630
Eday,mrsll,951,955
Eday,mrsll,956,960
Amon,hus,601,700
Omon,arag,631,640
Eday,mrsll,961,965
day,huss,851,900
Eday,mrsll,966,970
Eday,mrsll,971,975
Omon,arag,641,650
Eday,mrsll,976,980
Eday,mrsll,981,985
Eday,mrsll,986,990
Amon,hus,701,800
day,huss,901,950
Eday,mrsll,991,995
Omon,arag,651,660
Eday,mrsll,996,1000
Eday,mrsol,601,605
Eday,mrsol,606,610
Omon,arag,661,670
Eday,mrsol,611,615
Amon,hus,801,900
day,huss,951,1000
Eday,mrsol,616,620
Eday,mrsol,621,625
Omon,arag,671,680
day,mrso,601,650
Eday,mrsol,626,630
Amon,hus,901,1000
Eday,mrsol,631,635
day,mrso,651,700
Eday,mrsol,636,640
Omon,arag,681,690
Amon,huss,601,1000
day,mrso,701,750
Amon,pfull,601,1000
Eday,mrsol,641,645
Amon,phalf,601,1000
Eday,mrsol,646,650
day,mrso,751,800
Amon,pr,601,1000
Eday,mrsol,651,655
Omon,arag,691,700
Eday,mrsol,656,660
Amon,prc,601,1000
day,mrso,801,850
Eday,mrsol,661,665
Amon,prsn,601,1000
Eday,mrsol,666,670
Amon,prw,601,1000
day,mrso,851,900
Omon,arag,701,710
Eday,mrsol,671,675
Amon,ps,601,1000
Eday,mrsol,676,680
Omon,arag,711,720
day,mrso,901,950
Amon,psl,601,1000
Eday,mrsol,681,685
day,mrso,951,1000
Amon,rlds,601,1000
Eday,mrsol,686,690
day,mrsos,601,650
Eday,mrsol,691,695
Omon,arag,721,730
Amon,rldscs,601,1000
Eday,mrsol,696,700
day,mrsos,651,700
Eday,mrsol,701,705
Amon,rlus,601,1000
day,mrsos,701,750
Amon,rlut,601,1000
Omon,arag,731,740
Eday,mrsol,706,710
day,mrsos,751,800
Amon,rlutcs,601,1000
Eday,mrsol,711,715
day,mrsos,801,850
Eday,mrsol,716,720
Eday,mrsol,721,725
Amon,rsds,601,1000
Omon,arag,741,750
day,mrsos,851,900
Eday,mrsol,726,730
Amon,rsdscs,601,1000
Amon,rsdt,601,1000
Eday,mrsol,731,735
Amon,rsus,601,1000
Eday,mrsol,736,740
day,mrsos,901,950
Omon,arag,751,760
Amon,rsuscs,601,1000
Eday,mrsol,741,745
day,mrsos,951,1000
Amon,rsut,601,1000
Eday,mrsol,746,750
Omon,arag,761,770
Eday,mrsol,751,755
Amon,rsutcs,601,1000
Eday,mrsol,756,760
Amon,rtmt,601,1000
Eday,mrsol,761,765
Amon,sbl,601,1000
Omon,arag,771,780
Eday,mrsol,766,770
Amon,sci,601,1000
day,pr,601,650
Eday,mrsol,771,775
Amon,sfcWind,601,1000
Eday,mrsol,776,780
Eday,mrsol,781,785
Omon,arag,781,790
Eday,mrsol,786,790
day,pr,651,700
Eday,mrsol,791,795
Amon,ta,601,700
Omon,arag,791,800
Eday,mrsol,796,800
Eday,mrsol,801,805
Omon,arag,801,810
day,pr,701,750
Eday,mrsol,806,810
Eday,mrsol,811,815
Amon,ta,701,800
Omon,arag,811,820
Eday,mrsol,816,820
Eday,mrsol,821,825
day,pr,751,800
Omon,arag,821,830
Eday,mrsol,826,830
Amon,ta,801,900
Eday,mrsol,831,835
Omon,arag,831,840
Eday,mrsol,836,840
day,pr,801,850
Eday,mrsol,841,845
Amon,ta,901,1000
Eday,mrsol,846,850
Amon,tas,601,1000
Eday,mrsol,851,855
Omon,arag,841,850
Eday,mrsol,856,860
Amon,tasmax,601,1000
day,pr,851,900
Eday,mrsol,861,865
Omon,arag,851,860
Amon,tasmin,601,1000
Eday,mrsol,866,870
Eday,mrsol,871,875
Amon,tauu,601,1000
Omon,arag,861,870
Eday,mrsol,876,880
day,pr,901,950
Eday,mrsol,881,885
Amon,tauv,601,1000
Omon,arag,871,880
Eday,mrsol,886,890
Amon,ts,601,1000
Eday,mrsol,891,895
Omon,arag,881,890
Eday,mrsol,896,900
day,pr,951,1000
Eday,mrsol,901,905
Eday,mrsol,906,910
Amon,ua,601,700
Omon,arag,891,900
Eday,mrsol,911,915
day,psl,601,650
Eday,mrsol,916,920
Eday,mrsol,921,925
Eday,mrsol,926,930
Omon,arag,901,910
Eday,mrsol,931,935
Amon,ua,701,800
Omon,arag,911,920
Eday,mrsol,936,940
day,psl,651,700
Eday,mrsol,941,945
Eday,mrsol,946,950
Omon,arag,921,930
Eday,mrsol,951,955
Amon,ua,801,900
day,psl,701,750
Eday,mrsol,956,960
Omon,arag,931,940
Eday,mrsol,961,965
Eday,mrsol,966,970
day,psl,751,800
Omon,arag,941,950
Eday,mrsol,971,975
Eday,mrsol,976,980
Amon,ua,901,1000
Eday,mrsol,981,985
Amon,uas,601,1000
Omon,arag,951,960
day,psl,801,850
Eday,mrsol,986,990
Eday,mrsol,991,995
Omon,arag,961,970
Eday,mrsol,996,1000
day,psl,851,900
Amon,va,601,700
Omon,arag,971,980
day,psl,901,950
Omon,arag,981,990
Amon,va,701,800
Omon,arag,991,1000
day,psl,951,1000
Amon,va,801,900
Omon,chl,601,610
day,sfcWind,601,650
Omon,chl,611,620
day,sfcWind,651,700
Amon,va,901,1000
Amon,vas,601,1000
Omon,chl,621,630
day,sfcWind,701,750
Amon,wap,601,700
Omon,chl,631,640
day,sfcWind,751,800
Omon,chl,641,650
Amon,wap,701,800
Omon,chl,651,660
day,sfcWind,801,850
Omon,chl,661,670
Amon,wap,801,900
day,sfcWind,851,900
Omon,chl,671,680
Amon,wap,901,1000
day,sfcWind,901,950
Omon,chl,681,690
Omon,chl,691,700
Amon,zg,601,700
day,sfcWind,951,1000
Omon,chl,701,710
Amon,zg,701,800
day,tas,601,650
Omon,chl,711,720
Amon,zg,801,900
day,tas,651,700
Omon,chl,721,730
day,tas,701,750
Amon,zg,901,1000
Omon,chl,731,740
day,tas,751,800
Omon,chl,741,750
Omon,chl,751,760
day,tas,801,850
Omon,chl,761,770
day,tas,851,900
Omon,chl,771,780
Omon,chl,781,790
day,tas,901,950
Omon,chl,791,800
day,tas,951,1000
Omon,chl,801,810
day,tasmax,601,650
Omon,chl,811,820
Omon,chl,821,830
day,tasmax,651,700
Omon,chl,831,840
day,tasmax,701,750
Omon,chl,841,850
day,tasmax,751,800
Omon,chl,851,860
day,tasmax,801,850
Omon,chl,861,870
Omon,chl,871,880
day,tasmax,851,900
Omon,chl,881,890
day,tasmax,901,950
Omon,chl,891,900
day,tasmax,951,1000
Omon,chl,901,910
Omon,chl,911,920
day,tasmin,601,650
Omon,chl,921,930
day,tasmin,651,700
Omon,chl,931,940
day,tasmin,701,750
Omon,chl,941,950
day,tasmin,751,800
Omon,chl,951,960
Omon,chl,961,970
day,tasmin,801,850
day,tasmin,851,900
Omon,chl,971,980
Omon,chl,981,990
day,tasmin,901,950
Omon,chl,991,1000
Omon,chlos,601,1000
day,tasmin,951,1000
Omon,detoc,601,610
Omon,detoc,611,620
Omon,detoc,621,630
Omon,detoc,631,640
Omon,detoc,641,650
Omon,detoc,651,660
Omon,detoc,661,670
Omon,detoc,671,680
Omon,detoc,681,690
Omon,detoc,691,700
Omon,detoc,701,710
Omon,detoc,711,720
Omon,detoc,721,730
Omon,detoc,731,740
Omon,detoc,741,750
Omon,detoc,751,760
Omon,detoc,761,770
Omon,detoc,771,780
Omon,detoc,781,790
Omon,detoc,791,800
Omon,detoc,801,810
Omon,detoc,811,820
Omon,detoc,821,830
Omon,detoc,831,840
Omon,detoc,841,850
Omon,detoc,851,860
Omon,detoc,861,870
Omon,detoc,871,880
Omon,detoc,881,890
Omon,detoc,891,900
Omon,detoc,901,910
Omon,detoc,911,920
Omon,detoc,921,930
Omon,detoc,931,940
Omon,detoc,941,950
Omon,detoc,951,960
Omon,detoc,961,970
Omon,detoc,971,980
Omon,detoc,981,990
Omon,detoc,991,1000
Omon,dfeos,601,1000
Omon,dissic,601,610
Omon,dissic,611,620
Omon,dissic,621,630
Omon,dissic,631,640
Omon,dissic,641,650
Omon,dissic,651,660
Omon,dissic,661,670
Omon,dissic,671,680
Omon,dissic,681,690
Omon,dissic,691,700
Omon,dissic,701,710
Omon,dissic,711,720
Omon,dissic,721,730
Omon,dissic,731,740
Omon,dissic,741,750
Omon,dissic,751,760
Omon,dissic,761,770
Omon,dissic,771,780
Omon,dissic,781,790
Omon,dissic,791,800
Omon,dissic,801,810
Omon,dissic,811,820
Omon,dissic,821,830
Omon,dissic,831,840
Omon,dissic,841,850
Omon,dissic,851,860
Omon,dissic,861,870
Omon,dissic,871,880
Omon,dissic,881,890
Omon,dissic,891,900
Omon,dissic,901,910
Omon,dissic,911,920
Omon,dissic,921,930
Omon,dissic,931,940
Omon,dissic,941,950
Omon,dissic,951,960
Omon,dissic,961,970
Omon,dissic,971,980
Omon,dissic,981,990
Omon,dissic,991,1000
Omon,dissicnatos,601,1000
Omon,dissicos,601,1000
Omon,eparag100,601,1000
Omon,epc100,601,1000
Omon,evs,601,1000
Omon,fgco2,601,1000
Omon,fgco2nat,601,1000
Omon,fgo2,601,1000
Omon,friver,601,1000
Omon,fsitherm,601,1000
Omon,hfbasinpmadv,601,1000
Omon,hfds,601,1000
Omon,hfevapds,601,1000
Omon,hflso,601,1000
Omon,hfrainds,601,1000
Omon,hfsifrazil2d,601,1000
Omon,hfsso,601,1000
Omon,htovgyre,601,1000
Omon,htovovrt,601,1000
Omon,intpp,601,1000
Omon,masscello,601,610
Omon,masscello,611,620
Omon,masscello,621,630
Omon,masscello,631,640
Omon,masscello,641,650
Omon,masscello,651,660
Omon,masscello,661,670
Omon,masscello,671,680
Omon,masscello,681,690
Omon,masscello,691,700
Omon,masscello,701,710
Omon,masscello,711,720
Omon,masscello,721,730
Omon,masscello,731,740
Omon,masscello,741,750
Omon,masscello,751,760
Omon,masscello,761,770
Omon,masscello,771,780
Omon,masscello,781,790
Omon,masscello,791,800
Omon,masscello,801,810
Omon,masscello,811,820
Omon,masscello,821,830
Omon,masscello,831,840
Omon,masscello,841,850
Omon,masscello,851,860
Omon,masscello,861,870
Omon,masscello,871,880
Omon,masscello,881,890
Omon,masscello,891,900
Omon,masscello,901,910
Omon,masscello,911,920
Omon,masscello,921,930
Omon,masscello,931,940
Omon,masscello,941,950
Omon,masscello,951,960
Omon,masscello,961,970
Omon,masscello,971,980
Omon,masscello,981,990
Omon,masscello,991,1000
Omon,masso,601,1000
Omon,mfo,601,1000
Omon,mlotst,601,1000
Omon,msftbarot,601,1000
Omon,msftmrho,601,1000
Omon,msftmz,601,610
Omon,msftmz,611,620
Omon,msftmz,621,630
Omon,msftmz,631,640
Omon,msftmz,641,650
Omon,msftmz,651,660
Omon,msftmz,661,670
Omon,msftmz,671,680
Omon,msftmz,681,690
Omon,msftmz,691,700
Omon,msftmz,701,710
Omon,msftmz,711,720
Omon,msftmz,721,730
Omon,msftmz,731,740
Omon,msftmz,741,750
Omon,msftmz,751,760
Omon,msftmz,761,770
Omon,msftmz,771,780
Omon,msftmz,781,790
Omon,msftmz,791,800
Omon,msftmz,801,810
Omon,msftmz,811,820
Omon,msftmz,821,830
Omon,msftmz,831,840
Omon,msftmz,841,850
Omon,msftmz,851,860
Omon,msftmz,861,870
Omon,msftmz,871,880
Omon,msftmz,881,890
Omon,msftmz,891,900
Omon,msftmz,901,910
Omon,msftmz,911,920
Omon,msftmz,921,930
Omon,msftmz,931,940
Omon,msftmz,941,950
Omon,msftmz,951,960
Omon,msftmz,961,970
Omon,msftmz,971,980
Omon,msftmz,981,990
Omon,msftmz,991,1000
Omon,msftyrho,601,1000
Omon,msftyz,601,610
Omon,msftyz,611,620
Omon,msftyz,621,630
Omon,msftyz,631,640
Omon,msftyz,641,650
Omon,msftyz,651,660
Omon,msftyz,661,670
Omon,msftyz,671,680
Omon,msftyz,681,690
Omon,msftyz,691,700
Omon,msftyz,701,710
Omon,msftyz,711,720
Omon,msftyz,721,730
Omon,msftyz,731,740
Omon,msftyz,741,750
Omon,msftyz,751,760
Omon,msftyz,761,770
Omon,msftyz,771,780
Omon,msftyz,781,790
Omon,msftyz,791,800
Omon,msftyz,801,810
Omon,msftyz,811,820
Omon,msftyz,821,830
Omon,msftyz,831,840
Omon,msftyz,841,850
Omon,msftyz,851,860
Omon,msftyz,861,870
Omon,msftyz,871,880
Omon,msftyz,881,890
Omon,msftyz,891,900
Omon,msftyz,901,910
Omon,msftyz,911,920
Omon,msftyz,921,930
Omon,msftyz,931,940
Omon,msftyz,941,950
Omon,msftyz,951,960
Omon,msftyz,961,970
Omon,msftyz,971,980
Omon,msftyz,981,990
Omon,msftyz,991,1000
Omon,no3,601,610
Omon,no3,611,620
Omon,no3,621,630
Omon,no3,631,640
Omon,no3,641,650
Omon,no3,651,660
Omon,no3,661,670
Omon,no3,671,680
Omon,no3,681,690
Omon,no3,691,700
Omon,no3,701,710
Omon,no3,711,720
Omon,no3,721,730
Omon,no3,731,740
Omon,no3,741,750
Omon,no3,751,760
Omon,no3,761,770
Omon,no3,771,780
Omon,no3,781,790
Omon,no3,791,800
Omon,no3,801,810
Omon,no3,811,820
Omon,no3,821,830
Omon,no3,831,840
Omon,no3,841,850
Omon,no3,851,860
Omon,no3,861,870
Omon,no3,871,880
Omon,no3,881,890
Omon,no3,891,900
Omon,no3,901,910
Omon,no3,911,920
Omon,no3,921,930
Omon,no3,931,940
Omon,no3,941,950
Omon,no3,951,960
Omon,no3,961,970
Omon,no3,971,980
Omon,no3,981,990
Omon,no3,991,1000
Omon,no3os,601,1000
Omon,o2,601,610
Omon,o2,611,620
Omon,o2,621,630
Omon,o2,631,640
Omon,o2,641,650
Omon,o2,651,660
Omon,o2,661,670
Omon,o2,671,680
Omon,o2,681,690
Omon,o2,691,700
Omon,o2,701,710
Omon,o2,711,720
Omon,o2,721,730
Omon,o2,731,740
Omon,o2,741,750
Omon,o2,751,760
Omon,o2,761,770
Omon,o2,771,780
Omon,o2,781,790
Omon,o2,791,800
Omon,o2,801,810
Omon,o2,811,820
Omon,o2,821,830
Omon,o2,831,840
Omon,o2,841,850
Omon,o2,851,860
Omon,o2,861,870
Omon,o2,871,880
Omon,o2,881,890
Omon,o2,891,900
Omon,o2,901,910
Omon,o2,911,920
Omon,o2,921,930
Omon,o2,931,940
Omon,o2,941,950
Omon,o2,951,960
Omon,o2,961,970
Omon,o2,971,980
Omon,o2,981,990
Omon,o2,991,1000
Omon,o2os,601,1000
Omon,obvfsq,601,610
Omon,obvfsq,611,620
Omon,obvfsq,621,630
Omon,obvfsq,631,640
Omon,obvfsq,641,650
Omon,obvfsq,651,660
Omon,obvfsq,661,670
Omon,obvfsq,671,680
Omon,obvfsq,681,690
Omon,obvfsq,691,700
Omon,obvfsq,701,710
Omon,obvfsq,711,720
Omon,obvfsq,721,730
Omon,obvfsq,731,740
Omon,obvfsq,741,750
Omon,obvfsq,751,760
Omon,obvfsq,761,770
Omon,obvfsq,771,780
Omon,obvfsq,781,790
Omon,obvfsq,791,800
Omon,obvfsq,801,810
Omon,obvfsq,811,820
Omon,obvfsq,821,830
Omon,obvfsq,831,840
Omon,obvfsq,841,850
Omon,obvfsq,851,860
Omon,obvfsq,861,870
Omon,obvfsq,871,880
Omon,obvfsq,881,890
Omon,obvfsq,891,900
Omon,obvfsq,901,910
Omon,obvfsq,911,920
Omon,obvfsq,921,930
Omon,obvfsq,931,940
Omon,obvfsq,941,950
Omon,obvfsq,951,960
Omon,obvfsq,961,970
Omon,obvfsq,971,980
Omon,obvfsq,981,990
Omon,obvfsq,991,1000
Omon,pbo,601,1000
Omon,phycos,601,1000
Omon,phynos,601,1000
Omon,po4,601,610
Omon,po4,611,620
Omon,po4,621,630
Omon,po4,631,640
Omon,po4,641,650
Omon,po4,651,660
Omon,po4,661,670
Omon,po4,671,680
Omon,po4,681,690
Omon,po4,691,700
Omon,po4,701,710
Omon,po4,711,720
Omon,po4,721,730
Omon,po4,731,740
Omon,po4,741,750
Omon,po4,751,760
Omon,po4,761,770
Omon,po4,771,780
Omon,po4,781,790
Omon,po4,791,800
Omon,po4,801,810
Omon,po4,811,820
Omon,po4,821,830
Omon,po4,831,840
Omon,po4,841,850
Omon,po4,851,860
Omon,po4,861,870
Omon,po4,871,880
Omon,po4,881,890
Omon,po4,891,900
Omon,po4,901,910
Omon,po4,911,920
Omon,po4,921,930
Omon,po4,931,940
Omon,po4,941,950
Omon,po4,951,960
Omon,po4,961,970
Omon,po4,971,980
Omon,po4,981,990
Omon,po4,991,1000
Omon,po4os,601,1000
Omon,prra,601,1000
Omon,prsn,601,1000
Omon,pso,601,1000
Omon,rlntds,601,1000
Omon,rsntds,601,1000
Omon,sfriver,601,1000
Omon,sltovgyre,601,1000
Omon,sltovovrt,601,1000
Omon,so,601,610
Omon,so,611,620
Omon,so,621,630
Omon,so,631,640
Omon,so,641,650
Omon,so,651,660
Omon,so,661,670
Omon,so,671,680
Omon,so,681,690
Omon,so,691,700
Omon,so,701,710
Omon,so,711,720
Omon,so,721,730
Omon,so,731,740
Omon,so,741,750
Omon,so,751,760
Omon,so,761,770
Omon,so,771,780
Omon,so,781,790
Omon,so,791,800
Omon,so,801,810
Omon,so,811,820
Omon,so,821,830
Omon,so,831,840
Omon,so,841,850
Omon,so,851,860
Omon,so,861,870
Omon,so,871,880
Omon,so,881,890
Omon,so,891,900
Omon,so,901,910
Omon,so,911,920
Omon,so,921,930
Omon,so,931,940
Omon,so,941,950
Omon,so,951,960
Omon,so,961,970
Omon,so,971,980
Omon,so,981,990
Omon,so,991,1000
Omon,sob,601,1000
Omon,soga,601,1000
Omon,sos,601,1000
Omon,sosga,601,1000
Omon,spco2,601,1000
Omon,spco2nat,601,1000
Omon,talk,601,610
Omon,talk,611,620
Omon,talk,621,630
Omon,talk,631,640
Omon,talk,641,650
Omon,talk,651,660
Omon,talk,661,670
Omon,talk,671,680
Omon,talk,681,690
Omon,talk,691,700
Omon,talk,701,710
Omon,talk,711,720
Omon,talk,721,730
Omon,talk,731,740
Omon,talk,741,750
Omon,talk,751,760
Omon,talk,761,770
Omon,talk,771,780
Omon,talk,781,790
Omon,talk,791,800
Omon,talk,801,810
Omon,talk,811,820
Omon,talk,821,830
Omon,talk,831,840
Omon,talk,841,850
Omon,talk,851,860
Omon,talk,861,870
Omon,talk,871,880
Omon,talk,881,890
Omon,talk,891,900
Omon,talk,901,910
Omon,talk,911,920
Omon,talk,921,930
Omon,talk,931,940
Omon,talk,941,950
Omon,talk,951,960
Omon,talk,961,970
Omon,talk,971,980
Omon,talk,981,990
Omon,talk,991,1000
Omon,talkos,601,1000
Omon,tauuo,601,1000
Omon,tauvo,601,1000
Omon,thetao,601,610
Omon,thetao,611,620
Omon,thetao,621,630
Omon,thetao,631,640
Omon,thetao,641,650
Omon,thetao,651,660
Omon,thetao,661,670
Omon,thetao,671,680
Omon,thetao,681,690
Omon,thetao,691,700
Omon,thetao,701,710
Omon,thetao,711,720
Omon,thetao,721,730
Omon,thetao,731,740
Omon,thetao,741,750
Omon,thetao,751,760
Omon,thetao,761,770
Omon,thetao,771,780
Omon,thetao,781,790
Omon,thetao,791,800
Omon,thetao,801,810
Omon,thetao,811,820
Omon,thetao,821,830
Omon,thetao,831,840
Omon,thetao,841,850
Omon,thetao,851,860
Omon,thetao,861,870
Omon,thetao,871,880
Omon,thetao,881,890
Omon,thetao,891,900
Omon,thetao,901,910
Omon,thetao,911,920
Omon,thetao,921,930
Omon,thetao,931,940
Omon,thetao,941,950
Omon,thetao,951,960
Omon,thetao,961,970
Omon,thetao,971,980
Omon,thetao,981,990
Omon,thetao,991,1000
Omon,thetaoga,601,1000
Omon,tos,601,1000
Omon,tosga,601,1000
Omon,umo,601,610
Omon,umo,611,620
Omon,umo,621,630
Omon,umo,631,640
Omon,umo,641,650
Omon,umo,651,660
Omon,umo,661,670
Omon,umo,671,680
Omon,umo,681,690
Omon,umo,691,700
Omon,umo,701,710
Omon,umo,711,720
Omon,umo,721,730
Omon,umo,731,740
Omon,umo,741,750
Omon,umo,751,760
Omon,umo,761,770
Omon,umo,771,780
Omon,umo,781,790
Omon,umo,791,800
Omon,umo,801,810
Omon,umo,811,820
Omon,umo,821,830
Omon,umo,831,840
Omon,umo,841,850
Omon,umo,851,860
Omon,umo,861,870
Omon,umo,871,880
Omon,umo,881,890
Omon,umo,891,900
Omon,umo,901,910
Omon,umo,911,920
Omon,umo,921,930
Omon,umo,931,940
Omon,umo,941,950
Omon,umo,951,960
Omon,umo,961,970
Omon,umo,971,980
Omon,umo,981,990
Omon,umo,991,1000
Omon,uo,601,610
Omon,uo,611,620
Omon,uo,621,630
Omon,uo,631,640
Omon,uo,641,650
Omon,uo,651,660
Omon,uo,661,670
Omon,uo,671,680
Omon,uo,681,690
Omon,uo,691,700
Omon,uo,701,710
Omon,uo,711,720
Omon,uo,721,730
Omon,uo,731,740
Omon,uo,741,750
Omon,uo,751,760
Omon,uo,761,770
Omon,uo,771,780
Omon,uo,781,790
Omon,uo,791,800
Omon,uo,801,810
Omon,uo,811,820
Omon,uo,821,830
Omon,uo,831,840
Omon,uo,841,850
Omon,uo,851,860
Omon,uo,861,870
Omon,uo,871,880
Omon,uo,881,890
Omon,uo,891,900
Omon,uo,901,910
Omon,uo,911,920
Omon,uo,921,930
Omon,uo,931,940
Omon,uo,941,950
Omon,uo,951,960
Omon,uo,961,970
Omon,uo,971,980
Omon,uo,981,990
Omon,uo,991,1000
Omon,vmo,601,610
Omon,vmo,611,620
Omon,vmo,621,630
Omon,vmo,631,640
Omon,vmo,641,650
Omon,vmo,651,660
Omon,vmo,661,670
Omon,vmo,671,680
Omon,vmo,681,690
Omon,vmo,691,700
Omon,vmo,701,710
Omon,vmo,711,720
Omon,vmo,721,730
Omon,vmo,731,740
Omon,vmo,741,750
Omon,vmo,751,760
Omon,vmo,761,770
Omon,vmo,771,780
Omon,vmo,781,790
Omon,vmo,791,800
Omon,vmo,801,810
Omon,vmo,811,820
Omon,vmo,821,830
Omon,vmo,831,840
Omon,vmo,841,850
Omon,vmo,851,860
Omon,vmo,861,870
Omon,vmo,871,880
Omon,vmo,881,890
Omon,vmo,891,900
Omon,vmo,901,910
Omon,vmo,911,920
Omon,vmo,921,930
Omon,vmo,931,940
Omon,vmo,941,950
Omon,vmo,951,960
Omon,vmo,961,970
Omon,vmo,971,980
Omon,vmo,981,990
Omon,vmo,991,1000
Omon,vo,601,610
Omon,vo,611,620
Omon,vo,621,630
Omon,vo,631,640
Omon,vo,641,650
Omon,vo,651,660
Omon,vo,661,670
Omon,vo,671,680
Omon,vo,681,690
Omon,vo,691,700
Omon,vo,701,710
Omon,vo,711,720
Omon,vo,721,730
Omon,vo,731,740
Omon,vo,741,750
Omon,vo,751,760
Omon,vo,761,770
Omon,vo,771,780
Omon,vo,781,790
Omon,vo,791,800
Omon,vo,801,810
Omon,vo,811,820
Omon,vo,821,830
Omon,vo,831,840
Omon,vo,841,850
Omon,vo,851,860
Omon,vo,861,870
Omon,vo,871,880
Omon,vo,881,890
Omon,vo,891,900
Omon,vo,901,910
Omon,vo,911,920
Omon,vo,921,930
Omon,vo,931,940
Omon,vo,941,950
Omon,vo,951,960
Omon,vo,961,970
Omon,vo,971,980
Omon,vo,981,990
Omon,vo,991,1000
Omon,volcello,601,610
Omon,volcello,611,620
Omon,volcello,621,630
Omon,volcello,631,640
Omon,volcello,641,650
Omon,volcello,651,660
Omon,volcello,661,670
Omon,volcello,671,680
Omon,volcello,681,690
Omon,volcello,691,700
Omon,volcello,701,710
Omon,volcello,711,720
Omon,volcello,721,730
Omon,volcello,731,740
Omon,volcello,741,750
Omon,volcello,751,760
Omon,volcello,761,770
Omon,volcello,771,780
Omon,volcello,781,790
Omon,volcello,791,800
Omon,volcello,801,810
Omon,volcello,811,820
Omon,volcello,821,830
Omon,volcello,831,840
Omon,volcello,841,850
Omon,volcello,851,860
Omon,volcello,861,870
Omon,volcello,871,880
Omon,volcello,881,890
Omon,volcello,891,900
Omon,volcello,901,910
Omon,volcello,911,920
Omon,volcello,921,930
Omon,volcello,931,940
Omon,volcello,941,950
Omon,volcello,951,960
Omon,volcello,961,970
Omon,volcello,971,980
Omon,volcello,981,990
Omon,volcello,991,1000
Omon,volo,601,1000
Omon,wfo,601,1000
Omon,wmo,601,610
Omon,wmo,611,620
Omon,wmo,621,630
Omon,wmo,631,640
Omon,wmo,641,650
Omon,wmo,651,660
Omon,wmo,661,670
Omon,wmo,671,680
Omon,wmo,681,690
Omon,wmo,691,700
Omon,wmo,701,710
Omon,wmo,711,720
Omon,wmo,721,730
Omon,wmo,731,740
Omon,wmo,741,750
Omon,wmo,751,760
Omon,wmo,761,770
Omon,wmo,771,780
Omon,wmo,781,790
Omon,wmo,791,800
Omon,wmo,801,810
Omon,wmo,811,820
Omon,wmo,821,830
Omon,wmo,831,840
Omon,wmo,841,850
Omon,wmo,851,860
Omon,wmo,861,870
Omon,wmo,871,880
Omon,wmo,881,890
Omon,wmo,891,900
Omon,wmo,901,910
Omon,wmo,911,920
Omon,wmo,921,930
Omon,wmo,931,940
Omon,wmo,941,950
Omon,wmo,951,960
Omon,wmo,961,970
Omon,wmo,971,980
Omon,wmo,981,990
Omon,wmo,991,1000
Omon,zos,601,1000
Omon,zostoga,601,1000
Omon,thetaoga,101,1000
Omon,tob,101,600
Omon,tob,601,1000
AERmon,od440aer,101,1000
AERmon,od550aer,101,1000
SImon,siarean,101,1000
SImon,siareas,101,1000
SImon,siconca,101,1000
SImon,siextentn,101,1000
SImon,siextents,101,1000
SImon,sifllatstop,101,1000
SImon,sivoln,101,1000
SImon,sivols,101,1000
