Eyr,baresoilFrac,2015,2100
Emon,cLand,2015,2100
Eyr,cropFrac,2015,2100
fx,areacella,2015,2100
Eday,lai,2015,2064
Emon,cSoil,2015,2100
LImon,sftgif,2015,2100
fx,orog,2015,2100
Eyr,fracLut,2015,2100
fx,sftgif,2015,2100
LImon,snm,2015,2100
Emon,cropFracC3,2015,2100
Eyr,grassFrac,2015,2100
fx,sftlf,2015,2100
Emon,fBNF,2015,2100
Eyr,shrubFrac,2015,2100
fx,zfull,2015,2100
LImon,snw,2015,2100
Eyr,treeFrac,2015,2100
Emon,fDeforestToProduct,2015,2100
Eyr,vegFrac,2015,2100
Emon,fNdep,2015,2100
Emon,fNgas,2015,2100
Eday,lai,2065,2100
Emon,fNleach,2015,2100
day,pr,2015,2064
Amon,cl,2015,2034
Eday,mrsfl,2015,2019
Emon,fNloss,2015,2100
Lmon,baresoilFrac,2015,2100
Emon,fNnetmin,2015,2100
Lmon,c3PftFrac,2015,2100
Eday,mrsfl,2020,2024
Emon,fNup,2015,2100
Lmon,c4PftFrac,2015,2100
Emon,fProductDecomp,2015,2100
Lmon,cLeaf,2015,2100
Emon,fracLut,2015,2100
Eday,mrsfl,2025,2029
Lmon,cLitter,2015,2100
Emon,grassFracC3,2015,2100
Amon,cl,2035,2054
Lmon,cProduct,2015,2100
Ofx,areacello,2015,2100
Eday,mrsfl,2030,2034
Lmon,cRoot,2015,2100
Ofx,basin,2015,2100
Emon,grassFracC4,2015,2100
Ofx,deptho,2015,2100
Lmon,cVeg,2015,2100
Emon,mrlso,2015,2100
Ofx,masscello,2015,2100
Ofx,sftof,2015,2100
Lmon,cropFrac,2015,2100
Eday,mrsfl,2035,2039
Amon,cl,2055,2074
Ofx,thkcello,2015,2100
Emon,mrsfl,2015,2100
Lmon,evspsblsoi,2015,2100
Ofx,volcello,2015,2100
Eday,mrsfl,2040,2044
Lmon,gpp,2015,2100
Emon,mrsll,2015,2100
Lmon,grassFrac,2015,2100
Lmon,lai,2015,2100
Eday,mrsfl,2045,2049
Amon,cl,2075,2094
Lmon,mrfso,2015,2100
Omon,agessc,2015,2024
Emon,mrsol,2015,2100
day,pr,2065,2100
Eday,mrsfl,2050,2054
Lmon,mrro,2015,2100
Emon,nLand,2015,2100
Lmon,mrros,2015,2100
Amon,cl,2095,2100
SImon,siconc,2015,2100
Emon,nLitter,2015,2100
Eday,mrsfl,2055,2059
SImon,siconca,2015,2100
Emon,nMineral,2015,2100
Lmon,mrso,2015,2100
Omon,agessc,2025,2034
Emon,nProduct,2015,2100
SImon,simass,2015,2100
Lmon,mrsos,2015,2100
Eday,mrsfl,2060,2064
Lmon,nbp,2015,2100
Emon,nSoil,2015,2100
SImon,sisnmass,2015,2100
Lmon,npp,2015,2100
Emon,nVeg,2015,2100
Eday,mrsfl,2065,2069
Emon,nwdFracLut,2015,2100
Lmon,ra,2015,2100
Emon,treeFracBdlDcd,2015,2100
Lmon,residualFrac,2015,2100
Emon,treeFracBdlEvg,2015,2100
Lmon,rh,2015,2100
Eday,mrsfl,2070,2074
Emon,treeFracNdlDcd,2015,2100
Amon,cli,2015,2034
Lmon,shrubFrac,2015,2100
Emon,treeFracNdlEvg,2015,2100
Lmon,treeFrac,2015,2100
Emon,vegFrac,2015,2100
Eday,mrsfl,2075,2079
day,rlut,2015,2064
Emon,vegHeight,2015,2100
Emon,wetlandFrac,2015,2100
Omon,agessc,2035,2044
Eday,mrsfl,2080,2084
Lmon,tsl,2015,2100
Amon,cli,2035,2054
Eday,mrsfl,2085,2089
Eday,mrsfl,2090,2094
Eday,mrsfl,2095,2099
Omon,agessc,2045,2054
Eday,mrsfl,2100,2100
Amon,cli,2055,2074
Eday,mrsll,2015,2019
Omon,agessc,2055,2064
Amon,cli,2075,2094
day,rlut,2065,2100
Eday,mrsll,2020,2024
Amon,cli,2095,2100
Amon,clivi,2015,2100
Amon,clt,2015,2100
Eday,mrsll,2025,2029
Omon,agessc,2065,2074
Eday,mrsll,2030,2034
day,tas,2015,2064
Amon,clw,2015,2034
Eday,mrsll,2035,2039
Omon,agessc,2075,2084
Eday,mrsll,2040,2044
Amon,clw,2035,2054
Eday,mrsll,2045,2049
Amon,clw,2055,2074
Omon,agessc,2085,2094
Eday,mrsll,2050,2054
Omon,agessc,2095,2100
Eday,mrsll,2055,2059
day,tas,2065,2100
Amon,clw,2075,2094
Eday,mrsll,2060,2064
Amon,clw,2095,2100
Amon,evspsbl,2015,2100
Eday,mrsll,2065,2069
Amon,hfls,2015,2100
Amon,hfss,2015,2100
Eday,mrsll,2070,2074
Omon,arag,2015,2024
day,tasmax,2015,2064
Eday,mrsll,2075,2079
Amon,hur,2015,2100
Eday,mrsll,2080,2084
Amon,hurs,2015,2100
day,tasmax,2065,2100
Eday,mrsll,2085,2089
Omon,arag,2025,2034
Eday,mrsll,2090,2094
Amon,hus,2015,2100
Amon,huss,2015,2100
day,tasmin,2015,2064
Amon,pfull,2015,2100
Amon,phalf,2015,2100
Eday,mrsll,2095,2099
Amon,pr,2015,2100
Eday,mrsll,2100,2100
Amon,prc,2015,2100
day,tasmin,2065,2100
Amon,prsn,2015,2100
Eday,mrsol,2015,2019
Amon,prw,2015,2100
Omon,arag,2035,2044
Amon,ps,2015,2100
Eday,mrsol,2020,2024
Amon,psl,2015,2100
Amon,rlds,2015,2100
Omon,arag,2045,2054
Amon,rldscs,2015,2100
Eday,mrsol,2025,2029
Amon,rlus,2015,2100
Amon,rlut,2015,2100
Amon,rlutcs,2015,2100
Eday,mrsol,2030,2034
Amon,rsds,2015,2100
Eday,mrsol,2035,2039
Amon,rsdscs,2015,2100
Omon,arag,2055,2064
Amon,rsdt,2015,2100
Eday,mrsol,2040,2044
Amon,rsus,2015,2100
Amon,rsuscs,2015,2100
Eday,mrsol,2045,2049
Amon,rsut,2015,2100
Omon,arag,2065,2074
Amon,rsutcs,2015,2100
Eday,mrsol,2050,2054
Amon,rtmt,2015,2100
Omon,arag,2075,2084
Amon,sbl,2015,2100
Eday,mrsol,2055,2059
Amon,sci,2015,2100
Amon,sfcWind,2015,2100
Eday,mrsol,2060,2064
Omon,arag,2085,2094
Eday,mrsol,2065,2069
Omon,arag,2095,2100
Eday,mrsol,2070,2074
Amon,ta,2015,2100
Amon,tas,2015,2100
Eday,mrsol,2075,2079
Amon,tasmax,2015,2100
Eday,mrsol,2080,2084
Amon,tasmin,2015,2100
Omon,bigthetao,2015,2024
Amon,tauu,2015,2100
Amon,tauv,2015,2100
Eday,mrsol,2085,2089
Omon,bigthetao,2025,2034
Amon,ts,2015,2100
Eday,mrsol,2090,2094
Eday,mrsol,2095,2099
Eday,mrsol,2100,2100
Omon,bigthetao,2035,2044
Amon,ua,2015,2100
Amon,uas,2015,2100
Omon,bigthetao,2045,2054
Amon,va,2015,2100
Omon,bigthetao,2055,2064
Amon,vas,2015,2100
Omon,bigthetao,2065,2074
Amon,wap,2015,2100
Omon,bigthetao,2075,2084
Amon,zg,2015,2100
Omon,bigthetao,2085,2094
Omon,bigthetao,2095,2100
Omon,bigthetaoga,2015,2100
Omon,chl,2015,2024
Omon,chl,2025,2034
Omon,chl,2035,2044
Omon,chl,2045,2054
Omon,chl,2055,2064
Omon,chl,2065,2074
Omon,chl,2075,2084
Omon,chl,2085,2094
Omon,chl,2095,2100
Omon,chlos,2015,2100
Omon,detoc,2015,2024
Omon,detoc,2025,2034
Omon,detoc,2035,2044
Omon,detoc,2045,2054
Omon,detoc,2055,2064
Omon,detoc,2065,2074
Omon,detoc,2075,2084
Omon,detoc,2085,2094
Omon,detoc,2095,2100
Omon,dfe,2015,2024
Omon,dfe,2025,2034
Omon,dfe,2035,2044
Omon,dfe,2045,2054
Omon,dfe,2055,2064
Omon,dfe,2065,2074
Omon,dfe,2075,2084
Omon,dfe,2085,2094
Omon,dfe,2095,2100
Omon,dfeos,2015,2100
Omon,dissic,2015,2024
Omon,dissic,2025,2034
Omon,dissic,2035,2044
Omon,dissic,2045,2054
Omon,dissic,2055,2064
Omon,dissic,2065,2074
Omon,dissic,2075,2084
Omon,dissic,2085,2094
Omon,dissic,2095,2100
Omon,dissicnat,2015,2024
Omon,dissicnat,2025,2034
Omon,dissicnat,2035,2044
Omon,dissicnat,2045,2054
Omon,dissicnat,2055,2064
Omon,dissicnat,2065,2074
Omon,dissicnat,2075,2084
Omon,dissicnat,2085,2094
Omon,dissicnat,2095,2100
Omon,dissicnatos,2015,2100
Omon,dissicos,2015,2100
Omon,eparag100,2015,2100
Omon,epc100,2015,2100
Omon,evs,2015,2100
Omon,fgco2,2015,2100
Omon,fgco2nat,2015,2100
Omon,fgo2,2015,2100
Omon,friver,2015,2100
Omon,fsitherm,2015,2100
Omon,hfbasinpmadv,2015,2100
Omon,hfds,2015,2100
Omon,hfevapds,2015,2100
Omon,hflso,2015,2100
Omon,hfrainds,2015,2100
Omon,hfsifrazil2d,2015,2100
Omon,hfsso,2015,2100
Omon,htovgyre,2015,2100
Omon,htovovrt,2015,2100
Omon,intpp,2015,2100
Omon,masscello,2015,2024
Omon,masscello,2025,2034
Omon,masscello,2035,2044
Omon,masscello,2045,2054
Omon,masscello,2055,2064
Omon,masscello,2065,2074
Omon,masscello,2075,2084
Omon,masscello,2085,2094
Omon,masscello,2095,2100
Omon,masso,2015,2100
Omon,mfo,2015,2100
Omon,mlotst,2015,2100
Omon,msftbarot,2015,2100
Omon,msftmrho,2015,2100
Omon,msftmz,2015,2024
Omon,msftmz,2025,2034
Omon,msftmz,2035,2044
Omon,msftmz,2045,2054
Omon,msftmz,2055,2064
Omon,msftmz,2065,2074
Omon,msftmz,2075,2084
Omon,msftmz,2085,2094
Omon,msftmz,2095,2100
Omon,msftyrho,2015,2100
Omon,msftyz,2015,2024
Omon,msftyz,2025,2034
Omon,msftyz,2035,2044
Omon,msftyz,2045,2054
Omon,msftyz,2055,2064
Omon,msftyz,2065,2074
Omon,msftyz,2075,2084
Omon,msftyz,2085,2094
Omon,msftyz,2095,2100
Omon,no3,2015,2024
Omon,no3,2025,2034
Omon,no3,2035,2044
Omon,no3,2045,2054
Omon,no3,2055,2064
Omon,no3,2065,2074
Omon,no3,2075,2084
Omon,no3,2085,2094
Omon,no3,2095,2100
Omon,no3os,2015,2100
Omon,o2,2015,2024
Omon,o2,2025,2034
Omon,o2,2035,2044
Omon,o2,2045,2054
Omon,o2,2055,2064
Omon,o2,2065,2074
Omon,o2,2075,2084
Omon,o2,2085,2094
Omon,o2,2095,2100
Omon,o2os,2015,2100
Omon,obvfsq,2015,2024
Omon,obvfsq,2025,2034
Omon,obvfsq,2035,2044
Omon,obvfsq,2045,2054
Omon,obvfsq,2055,2064
Omon,obvfsq,2065,2074
Omon,obvfsq,2075,2084
Omon,obvfsq,2085,2094
Omon,obvfsq,2095,2100
Omon,pbo,2015,2100
Omon,phycos,2015,2100
Omon,po4,2015,2024
Omon,po4,2025,2034
Omon,po4,2035,2044
Omon,po4,2045,2054
Omon,po4,2055,2064
Omon,po4,2065,2074
Omon,po4,2075,2084
Omon,po4,2085,2094
Omon,po4,2095,2100
Omon,po4os,2015,2100
Omon,prra,2015,2100
Omon,prsn,2015,2100
Omon,pso,2015,2100
Omon,rlntds,2015,2100
Omon,rsntds,2015,2100
Omon,sfriver,2015,2100
Omon,sltovgyre,2015,2100
Omon,sltovovrt,2015,2100
Omon,so,2015,2024
Omon,so,2025,2034
Omon,so,2035,2044
Omon,so,2045,2054
Omon,so,2055,2064
Omon,so,2065,2074
Omon,so,2075,2084
Omon,so,2085,2094
Omon,so,2095,2100
Omon,sob,2015,2100
Omon,soga,2015,2100
Omon,sos,2015,2100
Omon,sosga,2015,2100
Omon,spco2,2015,2100
Omon,spco2nat,2015,2100
Omon,talk,2015,2024
Omon,talk,2025,2034
Omon,talk,2035,2044
Omon,talk,2045,2054
Omon,talk,2055,2064
Omon,talk,2065,2074
Omon,talk,2075,2084
Omon,talk,2085,2094
Omon,talk,2095,2100
Omon,talkos,2015,2100
Omon,tauuo,2015,2100
Omon,tauvo,2015,2100
Omon,thetao,2015,2024
Omon,thetao,2025,2034
Omon,thetao,2035,2044
Omon,thetao,2045,2054
Omon,thetao,2055,2064
Omon,thetao,2065,2074
Omon,thetao,2075,2084
Omon,thetao,2085,2094
Omon,thetao,2095,2100
Omon,thetaoga,2015,2100
Omon,tob,2015,2100
Omon,tos,2015,2100
Omon,tosga,2015,2100
Omon,umo,2015,2024
Omon,umo,2025,2034
Omon,umo,2035,2044
Omon,umo,2045,2054
Omon,umo,2055,2064
Omon,umo,2065,2074
Omon,umo,2075,2084
Omon,umo,2085,2094
Omon,umo,2095,2100
Omon,uo,2015,2024
Omon,uo,2025,2034
Omon,uo,2035,2044
Omon,uo,2045,2054
Omon,uo,2055,2064
Omon,uo,2065,2074
Omon,uo,2075,2084
Omon,uo,2085,2094
Omon,uo,2095,2100
Omon,vmo,2015,2024
Omon,vmo,2025,2034
Omon,vmo,2035,2044
Omon,vmo,2045,2054
Omon,vmo,2055,2064
Omon,vmo,2065,2074
Omon,vmo,2075,2084
Omon,vmo,2085,2094
Omon,vmo,2095,2100
Omon,vo,2015,2024
Omon,vo,2025,2034
Omon,vo,2035,2044
Omon,vo,2045,2054
Omon,vo,2055,2064
Omon,vo,2065,2074
Omon,vo,2075,2084
Omon,vo,2085,2094
Omon,vo,2095,2100
Omon,volo,2015,2100
Omon,wfo,2015,2100
Omon,wmo,2015,2024
Omon,wmo,2025,2034
Omon,wmo,2035,2044
Omon,wmo,2045,2054
Omon,wmo,2055,2064
Omon,wmo,2065,2074
Omon,wmo,2075,2084
Omon,wmo,2085,2094
Omon,wmo,2095,2100
Omon,zos,2015,2100
Omon,zostoga,2015,2100
