Efx,vegHeight,1850,2014
E3hr,gpp,1979,1979
Amon,cl,1850,1869
Emon,cLand,1850,2014
Emon,cSoil,1850,2014
E3hr,gpp,1980,1989
Amon,cl,1870,1889
Emon,cWood,1850,2014
day,clt,1950,1999
Eday,lai,1950,1999
Eday,lai,2000,2014
Amon,cl,1890,1909
Emon,co23D,1850,1869
E3hr,gpp,1990,1999
3hr,clt,1960,1969
day,clt,2000,2014
Amon,cl,1910,1929
Eday,mrsfl,1850,1854
Emon,co23D,1870,1889
Eday,mrsfl,1855,1859
Eday,mrsfl,1860,1864
Emon,co23D,1890,1909
Eday,mrsfl,1865,1869
Eday,mrsfl,1870,1874
Emon,co23D,1910,1929
E3hr,gpp,2000,2009
3hr,clt,1970,1979
Eday,mrsfl,1875,1879
Amon,cl,1930,1949
Eday,mrsfl,1880,1884
E3hr,gpp,2010,2014
Emon,co23D,1930,1949
Eday,mrsfl,1885,1889
Emon,co23D,1950,1969
Eday,mrsfl,1890,1894
Amon,cl,1950,1969
Emon,co23D,1970,1989
Eday,mrsfl,1895,1899
Amon,cl,1970,1989
day,hfls,1950,1999
Eday,mrsfl,1900,1904
3hr,clt,1980,1989
Eday,mrsfl,1905,1909
Emon,co23D,1990,2009
Amon,cl,1990,2009
Eday,mrsfl,1910,1914
Amon,cl,2010,2014
Emon,co23D,2010,2014
Emon,cropFracC3,1850,2014
Eday,mrsfl,1915,1919
Emon,fBNF,1850,2014
Amon,cli,1850,1869
Emon,fDeforestToProduct,1850,2014
Eday,mrsfl,1920,1924
day,hfls,2000,2014
Emon,fNdep,1850,2014
Eday,mrsfl,1925,1929
Amon,cli,1870,1889
Emon,fNgas,1850,2014
Emon,fNleach,1850,2014
Eday,mrsfl,1930,1934
3hr,clt,1990,1999
Emon,fNloss,1850,2014
Eday,mrsfl,1935,1939
Emon,fNnetmin,1850,2014
Emon,fNup,1850,2014
Emon,fProductDecomp,1850,2014
Eday,mrsfl,1940,1944
Emon,fracLut,1850,2014
Amon,cli,1890,1909
Emon,grassFracC3,1850,2014
Eday,mrsfl,1945,1949
Emon,grassFracC4,1850,2014
day,hfss,1950,1999
3hr,clt,2000,2009
Amon,cli,1910,1929
Eday,mrsfl,1950,1954
Emon,intuaw,1850,2014
Amon,cli,1930,1949
day,hfss,2000,2014
Eday,mrsfl,1955,1959
Eday,mrsfl,1960,1964
Emon,intvaw,1850,2014
Amon,cli,1950,1969
3hr,clt,2010,2014
Emon,mrlso,1850,2014
Eday,mrsfl,1965,1969
day,hur,1950,1954
Emon,mrsfl,1850,1949
Amon,cli,1970,1989
Emon,mrsfl,1950,2014
Eday,mrsfl,1970,1974
Eday,mrsfl,1975,1979
Amon,cli,1990,2009
Emon,mrsll,1850,1949
Amon,cli,2010,2014
Eday,mrsfl,1980,1984
Emon,mrsll,1950,2014
day,hur,1955,1959
Eday,mrsfl,1985,1989
Amon,clivi,1850,2014
Emon,mrsol,1850,1949
Eday,mrsfl,1990,1994
Amon,clt,1850,2014
Eday,mrsfl,1995,1999
3hr,hfls,1960,1969
Eday,mrsfl,2000,2004
Emon,mrsol,1950,2014
Amon,clw,1850,1869
Eday,mrsfl,2005,2009
Emon,nLand,1850,2014
Emon,nLitter,1850,2014
Eday,mrsfl,2010,2014
Amon,clw,1870,1889
Eday,mrsll,1850,1854
Emon,nMineral,1850,2014
day,hur,1960,1964
Emon,nProduct,1850,2014
Amon,clw,1890,1909
Emon,nSoil,1850,2014
Eday,mrsll,1855,1859
Emon,nVeg,1850,2014
Eday,mrsll,1860,1864
Emon,nep,1850,2014
Amon,clw,1910,1929
Emon,nwdFracLut,1850,2014
Emon,orog,1850,2014
Emon,rls,1850,2014
Amon,clw,1930,1949
Eday,mrsll,1865,1869
day,hur,1965,1969
Eday,mrsll,1870,1874
Amon,clw,1950,1969
Emon,rss,1850,2014
Emon,treeFracBdlDcd,1850,2014
Emon,treeFracBdlEvg,1850,2014
Emon,treeFracNdlDcd,1850,2014
Amon,clw,1970,1989
Emon,treeFracNdlEvg,1850,2014
Eday,mrsll,1875,1879
day,hur,1970,1974
Emon,vegFrac,1850,2014
Amon,clw,1990,2009
Eday,mrsll,1880,1884
Emon,vegHeight,1850,2014
Emon,wetlandFrac,1850,2014
Eday,mrsll,1885,1889
Amon,clw,2010,2014
day,hur,1975,1979
Eday,mrsll,1890,1894
3hr,hfls,1970,1979
Eday,mrsll,1895,1899
day,hur,1980,1984
Eday,mrsll,1900,1904
Eday,mrsll,1905,1909
Eday,mrsll,1910,1914
day,hur,1985,1989
3hr,hfls,1980,1989
Eday,mrsll,1915,1919
Eday,mrsll,1920,1924
Amon,co2,1850,1949
day,hur,1990,1994
Eday,mrsll,1925,1929
Amon,co2,1950,2014
day,hur,1995,1999
Eday,mrsll,1930,1934
Amon,evspsbl,1850,2014
3hr,hfls,1990,1999
Eday,mrsll,1935,1939
Eday,mrsll,1940,1944
Amon,hfls,1850,2014
day,hur,2000,2004
Eday,mrsll,1945,1949
Amon,hfss,1850,2014
Eday,mrsll,1950,1954
Eday,mrsll,1955,1959
day,hur,2005,2009
Eday,mrsll,1960,1964
Eday,mrsll,1965,1969
3hr,hfls,2000,2009
Amon,hur,1850,1949
Eday,mrsll,1970,1974
Eday,mrsll,1975,1979
Amon,hur,1950,2014
3hr,hfls,2010,2014
Eday,mrsll,1980,1984
Amon,hurs,1850,2014
Eday,mrsll,1985,1989
day,hur,2010,2014
Eday,mrsll,1990,1994
Eday,mrsll,1995,1999
Eday,mrsll,2000,2004
day,hurs,1850,1899
3hr,hfss,1960,1969
Eday,mrsll,2005,2009
Eday,mrsll,2010,2014
Amon,hus,1850,1949
day,hurs,1900,1949
Eday,mrsol,1850,1854
Amon,hus,1950,2014
3hr,hfss,1970,1979
Eday,mrsol,1855,1859
day,hurs,1950,1999
Amon,huss,1850,2014
Eday,mrsol,1860,1864
Amon,pfull,1850,2014
Amon,phalf,1850,2014
day,hurs,2000,2014
Amon,pr,1850,2014
Eday,mrsol,1865,1869
Eday,mrsol,1870,1874
Amon,prc,1850,2014
Amon,prsn,1850,2014
Eday,mrsol,1875,1879
day,hursmax,1850,1899
Eday,mrsol,1880,1884
Amon,prw,1850,2014
3hr,hfss,1980,1989
Amon,ps,1850,2014
Eday,mrsol,1885,1889
Amon,psl,1850,2014
Eday,mrsol,1890,1894
Amon,rlds,1850,2014
Amon,rldscs,1850,2014
Eday,mrsol,1895,1899
Amon,rlus,1850,2014
Amon,rlut,1850,2014
Eday,mrsol,1900,1904
Amon,rlutcs,1850,2014
Amon,rsds,1850,2014
Eday,mrsol,1905,1909
Amon,rsdscs,1850,2014
day,hursmax,1900,1949
Eyr,baresoilFrac,1850,2014
Amon,rsdt,1850,2014
Eyr,cropFrac,1850,2014
Eyr,fracLut,1850,2014
Amon,rsus,1850,2014
Eday,mrsol,1910,1914
Eyr,grassFrac,1850,2014
3hr,hfss,1990,1999
Eyr,shrubFrac,1850,2014
Amon,rsuscs,1850,2014
Eday,mrsol,1915,1919
Eyr,treeFrac,1850,2014
Eyr,vegFrac,1850,2014
day,hursmax,1950,1999
Amon,rsut,1850,2014
Amon,rsutcs,1850,2014
Amon,rtmt,1850,2014
Eday,mrsol,1920,1924
Amon,sbl,1850,2014
day,hursmax,2000,2014
Eday,mrsol,1925,1929
Amon,sci,1850,2014
3hr,hfss,2000,2009
Amon,sfcWind,1850,2014
Eday,mrsol,1930,1934
fx,areacella,1850,2014
Eday,mrsol,1935,1939
fx,orog,1850,2014
fx,sftgif,1850,2014
day,hursmin,1850,1899
fx,sftlf,1850,2014
Eday,mrsol,1940,1944
fx,zfull,1850,2014
3hr,hfss,2010,2014
Eday,mrsol,1945,1949
Amon,ta,1850,1949
LImon,sftgif,1850,2014
Eday,mrsol,1950,1954
day,hursmin,1900,1949
LImon,snm,1850,2014
LImon,snw,1850,2014
Eday,mrsol,1955,1959
Amon,ta,1950,2014
Amon,tas,1850,2014
Eday,mrsol,1960,1964
Amon,tasmax,1850,2014
day,hursmin,1950,1999
Eday,mrsol,1965,1969
3hr,huss,1960,1969
Amon,tasmin,1850,2014
day,hursmin,2000,2014
Eday,mrsol,1970,1974
Amon,tauu,1850,2014
Eday,mrsol,1975,1979
Amon,tauv,1850,2014
Eday,mrsol,1980,1984
Amon,ts,1850,2014
day,hus,1950,1954
Eday,mrsol,1985,1989
3hr,huss,1970,1979
Eday,mrsol,1990,1994
Lmon,baresoilFrac,1850,2014
Eday,mrsol,1995,1999
Lmon,c3PftFrac,1850,2014
day,hus,1955,1959
Lmon,c4PftFrac,1850,2014
Eday,mrsol,2000,2004
Lmon,cCwd,1850,2014
Lmon,cLeaf,1850,2014
Amon,ua,1850,1949
Eday,mrsol,2005,2009
Lmon,cLitter,1850,2014
day,hus,1960,1964
3hr,huss,1980,1989
Lmon,cProduct,1850,2014
Eday,mrsol,2010,2014
Lmon,cRoot,1850,2014
Lmon,cSoilFast,1850,2014
Lmon,cSoilMedium,1850,2014
Amon,ua,1950,2014
Lmon,cSoilSlow,1850,2014
Amon,uas,1850,2014
Lmon,cVeg,1850,2014
Lmon,cropFrac,1850,2014
Lmon,evspsblsoi,1850,2014
Lmon,gpp,1850,2014
Lmon,grassFrac,1850,2014
Lmon,lai,1850,2014
Lmon,landCoverFrac,1850,2014
Amon,va,1850,1949
Lmon,mrfso,1850,2014
Lmon,mrro,1850,2014
3hr,huss,1990,1999
day,hus,1965,1969
Lmon,mrros,1850,2014
Lmon,mrso,1850,2014
Lmon,mrsos,1850,2014
Amon,va,1950,2014
Lmon,nbp,1850,2014
Lmon,npp,1850,2014
day,hus,1970,1974
Lmon,ra,1850,2014
Amon,vas,1850,2014
Lmon,residualFrac,1850,2014
Lmon,rh,1850,2014
3hr,huss,2000,2009
Lmon,shrubFrac,1850,2014
Lmon,treeFrac,1850,2014
day,hus,1975,1979
Lmon,tsl,1850,1949
Amon,wap,1850,1949
Lmon,tsl,1950,2014
3hr,huss,2010,2014
3hr,mrsos,1960,1969
Amon,wap,1950,2014
day,hus,1980,1984
Amon,zg,1850,1949
3hr,mrsos,1970,1979
day,hus,1985,1989
Amon,zg,1950,2014
day,hus,1990,1994
3hr,mrsos,1980,1989
day,hus,1995,1999
3hr,mrsos,1990,1999
day,hus,2000,2004
3hr,mrsos,2000,2009
3hr,mrsos,2010,2014
day,hus,2005,2009
day,hus,2010,2014
3hr,pr,1960,1969
day,huss,1850,1899
day,huss,1900,1949
day,huss,1950,1999
day,huss,2000,2014
3hr,pr,1970,1979
day,mrro,1950,1999
day,mrro,2000,2014
day,mrso,1850,1899
3hr,pr,1980,1989
day,mrso,1900,1949
day,mrso,1950,1999
day,mrso,2000,2014
3hr,pr,1990,1999
day,mrsos,1850,1899
day,mrsos,1900,1949
day,mrsos,1950,1999
3hr,pr,2000,2009
day,mrsos,2000,2014
3hr,pr,2010,2014
day,pr,1850,1899
3hr,prc,1960,1969
day,pr,1900,1949
3hr,prc,1970,1979
day,pr,1950,1999
day,pr,2000,2014
3hr,prc,1980,1989
day,prc,1950,1999
day,prc,2000,2014
3hr,prc,1990,1999
day,prsn,1950,1999
day,prsn,2000,2014
3hr,prc,2000,2009
day,psl,1850,1899
3hr,prc,2010,2014
3hr,prsn,1960,1969
day,psl,1900,1949
Oday,omldamax,1850,1859
Oday,omldamax,1860,1869
Oday,omldamax,1870,1879
3hr,prsn,1970,1979
day,psl,1950,1999
Oday,omldamax,1880,1889
day,psl,2000,2014
3hr,prsn,1980,1989
Oday,omldamax,1890,1899
3hr,prsn,1990,1999
day,rlds,1950,1999
Oday,omldamax,1900,1909
day,rlds,2000,2014
3hr,prsn,2000,2009
Oday,omldamax,1910,1919
3hr,prsn,2010,2014
Ofx,areacello,1850,2014
Oday,omldamax,1920,1929
Ofx,basin,1850,2014
Ofx,deptho,1850,2014
Ofx,masscello,1850,2014
Ofx,sftof,1850,2014
Ofx,thkcello,1850,2014
Oday,omldamax,1930,1939
Ofx,volcello,1850,2014
day,rlus,1950,1999
day,rlus,2000,2014
Oday,omldamax,1940,1949
3hr,ps,1960,1969
Omon,agessc,1850,1859
Oday,omldamax,1950,1959
day,rlut,1950,1999
Oday,omldamax,1960,1969
day,rlut,2000,2014
Omon,agessc,1860,1869
3hr,ps,1970,1979
Oday,omldamax,1970,1979
Omon,agessc,1870,1879
day,rsds,1950,1999
Oday,omldamax,1980,1989
Omon,agessc,1880,1889
day,rsds,2000,2014
3hr,ps,1980,1989
Oday,omldamax,1990,1999
Omon,agessc,1890,1899
Oday,omldamax,2000,2009
Omon,agessc,1900,1909
day,rsus,1950,1999
Oday,omldamax,2010,2014
day,rsus,2000,2014
Omon,agessc,1910,1919
Oday,tos,1850,1859
Omon,agessc,1920,1929
day,sfcWind,1850,1899
Oday,tos,1860,1869
Oday,tos,1870,1879
Omon,agessc,1930,1939
Oday,tos,1880,1889
3hr,ps,1990,1999
Oday,tos,1890,1899
Omon,agessc,1940,1949
day,sfcWind,1900,1949
Oday,tos,1900,1909
3hr,ps,2000,2009
Omon,agessc,1950,1959
day,sfcWind,1950,1999
Omon,agessc,1960,1969
day,sfcWind,2000,2014
Oday,tos,1910,1919
3hr,ps,2010,2014
Omon,agessc,1970,1979
Oday,tos,1920,1929
Omon,agessc,1980,1989
3hr,rlds,1960,1969
Oday,tos,1930,1939
day,sfcWindmax,1950,1999
Omon,agessc,1990,1999
day,sfcWindmax,2000,2014
Oday,tos,1940,1949
Omon,agessc,2000,2009
day,snw,1950,1999
Omon,agessc,2010,2014
day,snw,2000,2014
Oday,tos,1950,1959
day,ta,1950,1954
Oday,tos,1960,1969
Omon,arag,1850,1859
day,ta,1955,1959
3hr,rlds,1970,1979
day,ta,1960,1964
Omon,arag,1860,1869
Oday,tos,1970,1979
Omon,arag,1870,1879
day,ta,1965,1969
Oday,tos,1980,1989
Oday,tos,1990,1999
Omon,arag,1880,1889
Oday,tos,2000,2009
Omon,arag,1890,1899
Oday,tos,2010,2014
day,ta,1970,1974
Oday,tossq,1850,1859
Omon,arag,1900,1909
Oday,tossq,1860,1869
day,ta,1975,1979
3hr,rlds,1980,1989
Omon,arag,1910,1919
Oday,tossq,1870,1879
day,ta,1980,1984
Omon,arag,1920,1929
Oday,tossq,1880,1889
3hr,rlds,1990,1999
day,ta,1985,1989
Oday,tossq,1890,1899
Omon,arag,1930,1939
day,ta,1990,1994
Oday,tossq,1900,1909
Omon,arag,1940,1949
3hr,rlds,2000,2009
Oday,tossq,1910,1919
Omon,arag,1950,1959
3hr,rlds,2010,2014
Oday,tossq,1920,1929
day,ta,1995,1999
Omon,arag,1960,1969
Oday,tossq,1930,1939
day,ta,2000,2004
Omon,arag,1970,1979
3hr,rldscs,1960,1969
day,ta,2005,2009
Oday,tossq,1940,1949
Omon,arag,1980,1989
Oday,tossq,1950,1959
Oday,tossq,1960,1969
day,ta,2010,2014
Omon,arag,1990,1999
Oday,tossq,1970,1979
day,tas,1850,1899
Omon,arag,2000,2009
Oday,tossq,1980,1989
Omon,arag,2010,2014
day,tas,1900,1949
Oday,tossq,1990,1999
3hr,rldscs,1970,1979
Omon,bigthetao,1850,1859
day,tas,1950,1999
Omon,bigthetao,1860,1869
day,tas,2000,2014
Oday,tossq,2000,2009
3hr,rldscs,1980,1989
Omon,bigthetao,1870,1879
Oday,tossq,2010,2014
day,tasmax,1850,1899
3hr,rldscs,1990,1999
day,tasmax,1900,1949
Omon,bigthetao,1880,1889
Omon,bigthetao,1890,1899
day,tasmax,1950,1999
3hr,rldscs,2000,2009
day,tasmax,2000,2014
Omon,bigthetao,1900,1909
3hr,rldscs,2010,2014
day,tasmin,1850,1899
Omon,bigthetao,1910,1919
day,tasmin,1900,1949
Omon,bigthetao,1920,1929
3hr,rlus,1960,1969
Omon,bigthetao,1930,1939
day,tasmin,1950,1999
Omon,bigthetao,1940,1949
day,tasmin,2000,2014
Omon,bigthetao,1950,1959
3hr,rlus,1970,1979
day,ua,1950,1954
Omon,bigthetao,1960,1969
day,ua,1955,1959
Omon,bigthetao,1970,1979
3hr,rlus,1980,1989
day,ua,1960,1964
Omon,bigthetao,1980,1989
day,ua,1965,1969
3hr,rlus,1990,1999
Omon,bigthetao,1990,1999
day,ua,1970,1974
Omon,bigthetao,2000,2009
Omon,bigthetao,2010,2014
Omon,bigthetaoga,1850,2014
Omon,chl,1850,1859
3hr,rlus,2000,2009
day,ua,1975,1979
3hr,rlus,2010,2014
day,ua,1980,1984
Omon,chl,1860,1869
day,ua,1985,1989
Omon,chl,1870,1879
3hr,rsds,1960,1969
Omon,chl,1880,1889
day,ua,1990,1994
3hr,rsds,1970,1979
day,ua,1995,1999
3hr,rsds,1980,1989
Omon,chl,1890,1899
day,ua,2000,2004
Omon,chl,1900,1909
3hr,rsds,1990,1999
day,ua,2005,2009
Omon,chl,1910,1919
day,ua,2010,2014
Omon,chl,1920,1929
day,uas,1950,1999
3hr,rsds,2000,2009
day,uas,2000,2014
Omon,chl,1930,1939
3hr,rsds,2010,2014
day,va,1950,1954
Omon,chl,1940,1949
3hr,rsdscs,1960,1969
Omon,chl,1950,1959
day,va,1955,1959
day,va,1960,1964
3hr,rsdscs,1970,1979
Omon,chl,1960,1969
day,va,1965,1969
Omon,chl,1970,1979
3hr,rsdscs,1980,1989
day,va,1970,1974
Omon,chl,1980,1989
day,va,1975,1979
3hr,rsdscs,1990,1999
Omon,chl,1990,1999
day,va,1980,1984
Omon,chl,2000,2009
day,va,1985,1989
3hr,rsdscs,2000,2009
3hr,rsdscs,2010,2014
Omon,chl,2010,2014
day,va,1990,1994
Omon,chlos,1850,2014
day,va,1995,1999
Omon,detoc,1850,1859
day,va,2000,2004
Omon,detoc,1860,1869
3hr,rsus,1960,1969
day,va,2005,2009
Omon,detoc,1870,1879
3hr,rsus,1970,1979
day,va,2010,2014
Omon,detoc,1880,1889
3hr,rsus,1980,1989
day,vas,1950,1999
day,vas,2000,2014
Omon,detoc,1890,1899
3hr,rsus,1990,1999
day,wap,1950,1954
Omon,detoc,1900,1909
3hr,rsus,2000,2009
day,wap,1955,1959
Omon,detoc,1910,1919
3hr,rsus,2010,2014
Omon,detoc,1920,1929
3hr,rsuscs,1960,1969
Omon,detoc,1930,1939
day,wap,1960,1964
Omon,detoc,1940,1949
3hr,rsuscs,1970,1979
Omon,detoc,1950,1959
day,wap,1965,1969
3hr,rsuscs,1980,1989
day,wap,1970,1974
Omon,detoc,1960,1969
day,wap,1975,1979
Omon,detoc,1970,1979
3hr,rsuscs,1990,1999
day,wap,1980,1984
Omon,detoc,1980,1989
Omon,detoc,1990,1999
day,wap,1985,1989
Omon,detoc,2000,2009
3hr,rsuscs,2000,2009
Omon,detoc,2010,2014
day,wap,1990,1994
Omon,dfeos,1850,2014
3hr,rsuscs,2010,2014
day,wap,1995,1999
3hr,tas,1960,1969
day,wap,2000,2004
Omon,dissic,1850,1859
day,wap,2005,2009
Omon,dissic,1860,1869
day,wap,2010,2014
Omon,dissic,1870,1879
Omon,dissic,1880,1889
3hr,tas,1970,1979
Omon,dissic,1890,1899
Omon,dissic,1900,1909
3hr,tas,1980,1989
Omon,dissic,1910,1919
Omon,dissic,1920,1929
Omon,dissic,1930,1939
3hr,tas,1990,1999
Omon,dissic,1940,1949
Omon,dissic,1950,1959
Omon,dissic,1960,1969
Omon,dissic,1970,1979
Omon,dissic,1980,1989
3hr,tas,2000,2009
Omon,dissic,1990,1999
3hr,tas,2010,2014
Omon,dissic,2000,2009
Omon,dissic,2010,2014
Omon,dissicnatos,1850,2014
3hr,uas,1960,1969
Omon,dissicos,1850,2014
Omon,eparag100,1850,2014
Omon,epc100,1850,2014
3hr,uas,1970,1979
Omon,evs,1850,2014
Omon,fgco2,1850,2014
Omon,fgco2nat,1850,2014
Omon,fgo2,1850,2014
Omon,friver,1850,2014
Omon,fsitherm,1850,2014
Omon,hfbasinpmadv,1850,2014
Omon,hfds,1850,2014
Omon,hfevapds,1850,2014
3hr,uas,1980,1989
Omon,hflso,1850,2014
Omon,hfrainds,1850,2014
Omon,hfsifrazil2d,1850,2014
3hr,uas,1990,1999
Omon,hfsso,1850,2014
Omon,htovgyre,1850,2014
Omon,htovovrt,1850,2014
Omon,intpp,1850,2014
Omon,masscello,1850,1859
3hr,uas,2000,2009
Omon,masscello,1860,1869
3hr,uas,2010,2014
Omon,masscello,1870,1879
Omon,masscello,1880,1889
3hr,vas,1960,1969
Omon,masscello,1890,1899
Omon,masscello,1900,1909
Omon,masscello,1910,1919
3hr,vas,1970,1979
Omon,masscello,1920,1929
Omon,masscello,1930,1939
3hr,vas,1980,1989
Omon,masscello,1940,1949
Omon,masscello,1950,1959
Omon,masscello,1960,1969
3hr,vas,1990,1999
Omon,masscello,1970,1979
Omon,masscello,1980,1989
3hr,vas,2000,2009
Omon,masscello,1990,1999
Omon,masscello,2000,2009
3hr,vas,2010,2014
Omon,masscello,2010,2014
Omon,masso,1850,2014
Omon,mfo,1850,2014
Omon,mlotst,1850,2014
Omon,msftbarot,1850,2014
Omon,msftmrho,1850,2014
Omon,msftmz,1850,1859
Omon,msftmz,1860,1869
Omon,msftmz,1870,1879
Omon,msftmz,1880,1889
Omon,msftmz,1890,1899
Omon,msftmz,1900,1909
Omon,msftmz,1910,1919
Omon,msftmz,1920,1929
Omon,msftmz,1930,1939
Omon,msftmz,1940,1949
Omon,msftmz,1950,1959
Omon,msftmz,1960,1969
Omon,msftmz,1970,1979
Omon,msftmz,1980,1989
Omon,msftmz,1990,1999
Omon,msftmz,2000,2009
Omon,msftmz,2010,2014
Omon,msftyrho,1850,2014
Omon,msftyz,1850,1859
Omon,msftyz,1860,1869
Omon,msftyz,1870,1879
Omon,msftyz,1880,1889
Omon,msftyz,1890,1899
Omon,msftyz,1900,1909
Omon,msftyz,1910,1919
Omon,msftyz,1920,1929
Omon,msftyz,1930,1939
Omon,msftyz,1940,1949
Omon,msftyz,1950,1959
Omon,msftyz,1960,1969
Omon,msftyz,1970,1979
Omon,msftyz,1980,1989
Omon,msftyz,1990,1999
Omon,msftyz,2000,2009
Omon,msftyz,2010,2014
Omon,no3,1850,1859
Omon,no3,1860,1869
Omon,no3,1870,1879
Omon,no3,1880,1889
Omon,no3,1890,1899
Omon,no3,1900,1909
Omon,no3,1910,1919
Omon,no3,1920,1929
Omon,no3,1930,1939
Omon,no3,1940,1949
Omon,no3,1950,1959
Omon,no3,1960,1969
Omon,no3,1970,1979
Omon,no3,1980,1989
Omon,no3,1990,1999
Omon,no3,2000,2009
Omon,no3,2010,2014
Omon,no3os,1850,2014
Omon,o2,1850,1859
Omon,o2,1860,1869
Omon,o2,1870,1879
Omon,o2,1880,1889
Omon,o2,1890,1899
Omon,o2,1900,1909
Omon,o2,1910,1919
Omon,o2,1920,1929
Omon,o2,1930,1939
Omon,o2,1940,1949
Omon,o2,1950,1959
Omon,o2,1960,1969
Omon,o2,1970,1979
Omon,o2,1980,1989
Omon,o2,1990,1999
Omon,o2,2000,2009
Omon,o2,2010,2014
Omon,o2os,1850,2014
Omon,obvfsq,1850,1859
Omon,obvfsq,1860,1869
Omon,obvfsq,1870,1879
Omon,obvfsq,1880,1889
Omon,obvfsq,1890,1899
Omon,obvfsq,1900,1909
Omon,obvfsq,1910,1919
Omon,obvfsq,1920,1929
Omon,obvfsq,1930,1939
Omon,obvfsq,1940,1949
Omon,obvfsq,1950,1959
Omon,obvfsq,1960,1969
Omon,obvfsq,1970,1979
Omon,obvfsq,1980,1989
Omon,obvfsq,1990,1999
Omon,obvfsq,2000,2009
Omon,obvfsq,2010,2014
Omon,pbo,1850,2014
Omon,phycos,1850,2014
Omon,phynos,1850,2014
Omon,po4,1850,1859
Omon,po4,1860,1869
Omon,po4,1870,1879
Omon,po4,1880,1889
Omon,po4,1890,1899
Omon,po4,1900,1909
Omon,po4,1910,1919
Omon,po4,1920,1929
Omon,po4,1930,1939
Omon,po4,1940,1949
Omon,po4,1950,1959
Omon,po4,1960,1969
Omon,po4,1970,1979
Omon,po4,1980,1989
Omon,po4,1990,1999
Omon,po4,2000,2009
Omon,po4,2010,2014
Omon,po4os,1850,2014
Omon,prra,1850,2014
Omon,prsn,1850,2014
Omon,pso,1850,2014
Omon,rlntds,1850,2014
Omon,rsntds,1850,2014
Omon,sfriver,1850,2014
Omon,sltovgyre,1850,2014
Omon,sltovovrt,1850,2014
Omon,so,1850,1859
Omon,so,1860,1869
Omon,so,1870,1879
Omon,so,1880,1889
Omon,so,1890,1899
Omon,so,1900,1909
Omon,so,1910,1919
Omon,so,1920,1929
Omon,so,1930,1939
Omon,so,1940,1949
Omon,so,1950,1959
Omon,so,1960,1969
Omon,so,1970,1979
Omon,so,1980,1989
Omon,so,1990,1999
Omon,so,2000,2009
Omon,so,2010,2014
Omon,sob,1850,2014
Omon,soga,1850,2014
Omon,sos,1850,2014
Omon,sosga,1850,2014
Omon,spco2,1850,2014
Omon,spco2nat,1850,2014
Omon,talk,1850,1859
Omon,talk,1860,1869
Omon,talk,1870,1879
Omon,talk,1880,1889
Omon,talk,1890,1899
Omon,talk,1900,1909
Omon,talk,1910,1919
Omon,talk,1920,1929
Omon,talk,1930,1939
Omon,talk,1940,1949
Omon,talk,1950,1959
Omon,talk,1960,1969
Omon,talk,1970,1979
Omon,talk,1980,1989
Omon,talk,1990,1999
Omon,talk,2000,2009
Omon,talk,2010,2014
Omon,talkos,1850,2014
Omon,tauuo,1850,2014
Omon,tauvo,1850,2014
Omon,thetao,1850,1859
Omon,thetao,1860,1869
Omon,thetao,1870,1879
Omon,thetao,1880,1889
Omon,thetao,1890,1899
Omon,thetao,1900,1909
Omon,thetao,1910,1919
Omon,thetao,1920,1929
Omon,thetao,1930,1939
Omon,thetao,1940,1949
Omon,thetao,1950,1959
Omon,thetao,1960,1969
Omon,thetao,1970,1979
Omon,thetao,1980,1989
Oyr,arag,1850,1949
Omon,thetao,1990,1999
Oyr,arag,1950,2014
Omon,thetao,2000,2009
Oyr,chl,1850,1949
Omon,thetao,2010,2014
Oyr,chl,1950,2014
Omon,tos,1850,2014
Omon,tosga,1850,2014
Oyr,detoc,1850,1949
Oyr,detoc,1950,2014
Omon,umo,1850,1859
Oyr,dfe,1850,1949
Oyr,dfe,1950,2014
Omon,umo,1860,1869
Oyr,dissic,1850,1949
Oyr,dissic,1950,2014
Omon,umo,1870,1879
Oyr,dissicnat,1850,1949
Oyr,dissicnat,1950,2014
Oyr,fgco2,1850,2014
Oyr,fgco2nat,1850,2014
Omon,umo,1880,1889
Omon,umo,1890,1899
Oyr,no3,1850,1949
Omon,umo,1900,1909
Oyr,no3,1950,2014
Oyr,o2,1850,1949
Omon,umo,1910,1919
Oyr,o2,1950,2014
Omon,umo,1920,1929
Oyr,po4,1850,1949
Oyr,po4,1950,2014
Omon,umo,1930,1939
Oyr,talk,1850,1949
Omon,umo,1940,1949
Oyr,talk,1950,2014
Omon,umo,1950,1959
Omon,umo,1960,1969
Omon,umo,1970,1979
Omon,umo,1980,1989
Omon,umo,1990,1999
Omon,umo,2000,2009
Omon,umo,2010,2014
Omon,uo,1850,1859
Omon,uo,1860,1869
Omon,uo,1870,1879
Omon,uo,1880,1889
Omon,uo,1890,1899
Omon,uo,1900,1909
Omon,uo,1910,1919
Omon,uo,1920,1929
Omon,uo,1930,1939
Omon,uo,1940,1949
Omon,uo,1950,1959
Omon,uo,1960,1969
Omon,uo,1970,1979
Omon,uo,1980,1989
Omon,uo,1990,1999
Omon,uo,2000,2009
Omon,uo,2010,2014
Omon,vmo,1850,1859
Omon,vmo,1860,1869
Omon,vmo,1870,1879
Omon,vmo,1880,1889
Omon,vmo,1890,1899
Omon,vmo,1900,1909
Omon,vmo,1910,1919
Omon,vmo,1920,1929
Omon,vmo,1930,1939
Omon,vmo,1940,1949
Omon,vmo,1950,1959
Omon,vmo,1960,1969
Omon,vmo,1970,1979
Omon,vmo,1980,1989
Omon,vmo,1990,1999
Omon,vmo,2000,2009
Omon,vmo,2010,2014
Omon,vo,1850,1859
Omon,vo,1860,1869
Omon,vo,1870,1879
Omon,vo,1880,1889
Omon,vo,1890,1899
Omon,vo,1900,1909
Omon,vo,1910,1919
Omon,vo,1920,1929
Omon,vo,1930,1939
Omon,vo,1940,1949
Omon,vo,1950,1959
Omon,vo,1960,1969
Omon,vo,1970,1979
SIday,siconc,1950,1959
SIday,siconc,1960,1969
Omon,vo,1980,1989
SIday,siconc,1970,1979
Omon,vo,1990,1999
SIday,siconc,1980,1989
SIday,siconc,1990,1999
Omon,vo,2000,2009
SIday,siconc,2000,2009
Omon,vo,2010,2014
SIday,siconc,2010,2014
SIday,sithick,1950,1959
Omon,volcello,1850,1859
SIday,sithick,1960,1969
SIday,sithick,1970,1979
SIday,sithick,1980,1989
SIday,sithick,1990,1999
Omon,volcello,1860,1869
SIday,sithick,2000,2009
Omon,volcello,1870,1879
SIday,sithick,2010,2014
SIday,siu,1950,1959
Omon,volcello,1880,1889
SIday,siu,1960,1969
SIday,siu,1970,1979
Omon,volcello,1890,1899
SIday,siu,1980,1989
SIday,siu,1990,1999
Omon,volcello,1900,1909
SIday,siu,2000,2009
SIday,siu,2010,2014
Omon,volcello,1910,1919
SIday,siv,1950,1959
SIday,siv,1960,1969
Omon,volcello,1920,1929
SIday,siv,1970,1979
SIday,siv,1980,1989
SIday,siv,1990,1999
Omon,volcello,1930,1939
SIday,siv,2000,2009
Omon,volcello,1940,1949
SIday,siv,2010,2014
SImon,siareaacrossline,1850,2014
SImon,siarean,1850,2014
SImon,siareas,1850,2014
Omon,volcello,1950,1959
SImon,sicompstren,1850,2014
SImon,siconc,1850,2014
Omon,volcello,1960,1969
SImon,siconca,1850,2014
SImon,sidivvel,1850,2014
SImon,sidmassevapsubl,1850,2014
Omon,volcello,1970,1979
SImon,sidmasstranx,1850,2014
SImon,sidmasstrany,1850,2014
Omon,volcello,1980,1989
SImon,siextentn,1850,2014
SImon,siextents,1850,2014
SImon,siflfwbot,1850,2014
Omon,volcello,1990,1999
SImon,sifllatstop,1850,2014
Omon,volcello,2000,2009
SImon,siflsensupbot,1850,2014
SImon,simass,1850,2014
Omon,volcello,2010,2014
SImon,simassacrossline,1850,2014
Omon,volo,1850,2014
SImon,sipr,1850,2014
SImon,sisnconc,1850,2014
Omon,wfo,1850,2014
SImon,sisnmass,1850,2014
SImon,sisnthick,1850,2014
SImon,sispeed,1850,2014
Omon,wmo,1850,1859
SImon,sistrxdtop,1850,2014
SImon,sistrxubot,1850,2014
SImon,sistrydtop,1850,2014
Omon,wmo,1860,1869
SImon,sistryubot,1850,2014
SImon,sithick,1850,2014
Omon,wmo,1870,1879
SImon,siu,1850,2014
SImon,siv,1850,2014
SImon,sivol,1850,2014
Omon,wmo,1880,1889
SImon,sivoln,1850,2014
SImon,sivols,1850,2014
SImon,sndmasssnf,1850,2014
SImon,snmassacrossline,1850,2014
Omon,wmo,1890,1899
Omon,wmo,1900,1909
Omon,wmo,1910,1919
Omon,wmo,1920,1929
Omon,wmo,1930,1939
Omon,wmo,1940,1949
Omon,wmo,1950,1959
Omon,wmo,1960,1969
Omon,wmo,1970,1979
Omon,wmo,1980,1989
Omon,wmo,1990,1999
Omon,wmo,2000,2009
Omon,wmo,2010,2014
Omon,zos,1850,2014
Omon,zostoga,1850,2014
Omon,thetaoga,1850,2014
Omon,tob,1850,2014
