Eyr,baresoilFrac,168,268
Eyr,cropFrac,168,268
Eyr,fracLut,168,268
Eyr,grassFrac,168,268
Eday,mrsfl,168,172
Emon,cLand,168,268
Eyr,shrubFrac,168,268
Emon,cSoil,168,268
Eyr,treeFrac,168,268
Eday,mrsfl,173,177
Eyr,vegFrac,168,268
Eday,mrsfl,178,182
Amon,cl,168,187
Eday,mrsfl,183,187
Emon,co23D,168,187
Eday,mrsfl,188,192
fx,areacella,168,268
Eday,mrsfl,193,197
fx,orog,168,268
fx,sftgif,168,268
fx,sftlf,168,268
Eday,mrsfl,198,202
fx,zfull,168,268
Emon,co23D,188,207
Amon,cl,188,207
Eday,mrsfl,203,207
LImon,sftgif,168,268
Eday,mrsfl,208,212
LImon,snm,168,268
day,pr,168,217
LImon,snw,168,268
Eday,mrsfl,213,217
Emon,co23D,208,227
Eday,mrsfl,218,222
Eday,mrsfl,223,227
Amon,cl,208,227
Lmon,baresoilFrac,168,268
Eday,mrsfl,228,232
Lmon,c3PftFrac,168,268
Lmon,c4PftFrac,168,268
Eday,mrsfl,233,237
Lmon,cLeaf,168,268
Emon,co23D,228,247
Lmon,cLitter,168,268
Eday,mrsfl,238,242
Lmon,cRoot,168,268
Amon,cl,228,247
Eday,mrsfl,243,247
Lmon,cVeg,168,268
Lmon,cropFrac,168,268
Eday,mrsfl,248,252
Lmon,evspsblsoi,168,268
day,pr,218,267
Emon,co23D,248,267
Eday,mrsfl,253,257
day,pr,268,268
Lmon,gpp,168,268
Emon,co23D,268,268
Lmon,grassFrac,168,268
Emon,cropFracC3,168,268
Eday,mrsfl,258,262
Lmon,lai,168,268
Emon,fBNF,168,268
Amon,cl,248,267
Eday,mrsfl,263,267
Lmon,mrfso,168,268
Emon,fNdep,168,268
Amon,cl,268,268
Eday,mrsfl,268,268
Lmon,mrro,168,268
Emon,fNgas,168,268
Lmon,mrros,168,268
Emon,fNleach,168,268
Emon,fNloss,168,268
Lmon,mrso,168,268
Lmon,mrsos,168,268
Emon,fNnetmin,168,268
Eday,mrsll,168,172
Lmon,nbp,168,268
Emon,fNup,168,268
Emon,fracLut,168,268
Lmon,npp,168,268
Emon,grassFracC3,168,268
Lmon,ra,168,268
Emon,grassFracC4,168,268
Lmon,residualFrac,168,268
Emon,mrlso,168,268
Lmon,rh,168,268
Lmon,shrubFrac,168,268
Eday,mrsll,173,177
Amon,cli,168,187
Emon,mrsfl,168,267
Lmon,treeFrac,168,268
Emon,mrsfl,268,268
Emon,mrsll,168,267
Emon,mrsll,268,268
Lmon,tsl,168,267
day,tas,168,217
Lmon,tsl,268,268
Eday,mrsll,178,182
Amon,cli,188,207
Emon,mrsol,168,267
Emon,mrsol,268,268
Emon,nLand,168,268
Eday,mrsll,183,187
Emon,nLitter,168,268
Emon,nMineral,168,268
Amon,cli,208,227
Emon,nSoil,168,268
Emon,nVeg,168,268
Eday,mrsll,188,192
Emon,nwdFracLut,168,268
Emon,treeFracBdlDcd,168,268
Eday,mrsll,193,197
Emon,treeFracBdlEvg,168,268
Emon,treeFracNdlDcd,168,268
Emon,treeFracNdlEvg,168,268
Emon,vegFrac,168,268
Eday,mrsll,198,202
Emon,vegHeight,168,268
Amon,cli,228,247
Emon,wetlandFrac,168,268
Eday,mrsll,203,207
Amon,cli,248,267
Amon,cli,268,268
Eday,mrsll,208,212
Amon,clivi,168,268
day,tas,218,267
Eday,mrsll,213,217
day,tas,268,268
Amon,clt,168,268
Amon,clw,168,187
Eday,mrsll,218,222
Eday,mrsll,223,227
Amon,clw,188,207
Eday,mrsll,228,232
Amon,clw,208,227
Eday,mrsll,233,237
day,tasmax,168,217
Amon,clw,228,247
Eday,mrsll,238,242
Amon,clw,248,267
Eday,mrsll,243,247
Amon,clw,268,268
Ofx,areacello,168,268
Ofx,basin,168,268
Ofx,deptho,168,268
Ofx,masscello,168,268
Eday,mrsll,248,252
Ofx,sftof,168,268
Ofx,thkcello,168,268
Ofx,volcello,168,268
Eday,mrsll,253,257
day,tasmax,218,267
day,tasmax,268,268
Eday,mrsll,258,262
Amon,co2,168,267
Eday,mrsll,263,267
Amon,co2,268,268
Eday,mrsll,268,268
Amon,evspsbl,168,268
day,tasmin,168,217
Eday,mrsol,168,172
Amon,hfls,168,268
Amon,hfss,168,268
Eday,mrsol,173,177
Eday,mrsol,178,182
Omon,agessc,168,177
Eday,mrsol,183,187
Eday,mrsol,188,192
Omon,agessc,178,187
day,tasmin,218,267
Eday,mrsol,193,197
day,tasmin,268,268
Eday,mrsol,198,202
Amon,hur,168,267
Amon,hur,268,268
Amon,hurs,168,268
Omon,agessc,188,197
Eday,mrsol,203,207
Eday,mrsol,208,212
Eday,mrsol,213,217
Omon,agessc,198,207
Eday,mrsol,218,222
Eday,mrsol,223,227
Eday,mrsol,228,232
Amon,hus,168,267
Amon,hus,268,268
Eday,mrsol,233,237
Omon,agessc,208,217
Amon,huss,168,268
Eday,mrsol,238,242
Amon,pfull,168,268
Amon,phalf,168,268
Eday,mrsol,243,247
Amon,pr,168,268
Omon,agessc,218,227
Amon,prc,168,268
SImon,siareaacrossline,168,268
SImon,siarean,168,268
SImon,siareas,168,268
Amon,prsn,168,268
Eday,mrsol,248,252
SImon,sicompstren,168,268
Amon,prw,168,268
SImon,siconc,168,268
SImon,siconca,168,268
Eday,mrsol,253,257
Amon,ps,168,268
SImon,sidivvel,168,268
Amon,psl,168,268
SImon,sidmassevapsubl,168,268
SImon,sidmasstranx,168,268
Eday,mrsol,258,262
Amon,rlds,168,268
SImon,sidmasstrany,168,268
SImon,siextentn,168,268
SImon,siextents,168,268
Amon,rldscs,168,268
Omon,agessc,228,237
Eday,mrsol,263,267
SImon,siflfwbot,168,268
Amon,rlus,168,268
SImon,sifllatstop,168,268
Eday,mrsol,268,268
Amon,rlut,168,268
SImon,siflsensupbot,168,268
SImon,simass,168,268
SImon,simassacrossline,168,268
Amon,rlutcs,168,268
SImon,sipr,168,268
Amon,rsds,168,268
SImon,sisnconc,168,268
Amon,rsdscs,168,268
Amon,rsdt,168,268
SImon,sisnmass,168,268
Omon,agessc,238,247
Amon,rsus,168,268
SImon,sisnthick,168,268
Amon,rsuscs,168,268
SImon,sispeed,168,268
Amon,rsut,168,268
Amon,rsutcs,168,268
SImon,sistrxdtop,168,268
Amon,rtmt,168,268
SImon,sistrxubot,168,268
Amon,sbl,168,268
Omon,agessc,248,257
SImon,sistrydtop,168,268
Amon,sci,168,268
SImon,sistryubot,168,268
Amon,sfcWind,168,268
SImon,sithick,168,268
SImon,siu,168,268
SImon,siv,168,268
Omon,agessc,258,267
SImon,sivol,168,268
Omon,agessc,268,268
SImon,sivoln,168,268
SImon,sivols,168,268
SImon,sndmasssnf,168,268
SImon,snmassacrossline,168,268
Omon,arag,168,177
Amon,ta,168,267
Amon,ta,268,268
Amon,tas,168,268
Amon,tasmax,168,268
Omon,arag,178,187
Amon,tasmin,168,268
Amon,tauu,168,268
Amon,tauv,168,268
Amon,ts,168,268
Omon,arag,188,197
Omon,arag,198,207
Amon,ua,168,267
Amon,ua,268,268
Amon,uas,168,268
Omon,arag,208,217
Omon,arag,218,227
Amon,va,168,267
Amon,va,268,268
Omon,arag,228,237
Amon,vas,168,268
Omon,arag,238,247
Amon,wap,168,267
Amon,wap,268,268
Omon,arag,248,257
Omon,arag,258,267
Amon,zg,168,267
Omon,arag,268,268
Amon,zg,268,268
Omon,chl,168,177
Omon,chl,178,187
Omon,chl,188,197
Omon,chl,198,207
Omon,chl,208,217
Omon,chl,218,227
Omon,chl,228,237
Omon,chl,238,247
Omon,chl,248,257
Omon,chl,258,267
Omon,chl,268,268
Omon,chlos,168,268
Omon,detoc,168,177
Omon,detoc,178,187
Omon,detoc,188,197
Omon,detoc,198,207
Omon,detoc,208,217
Omon,detoc,218,227
Omon,detoc,228,237
Omon,detoc,238,247
Omon,detoc,248,257
Omon,detoc,258,267
Omon,detoc,268,268
Omon,dfe,168,177
Omon,dfe,178,187
Omon,dfe,188,197
Omon,dfe,198,207
Omon,dfe,208,217
Omon,dfe,218,227
Omon,dfe,228,237
Omon,dfe,238,247
Omon,dfe,248,257
Omon,dfe,258,267
Omon,dfe,268,268
Omon,dfeos,168,268
Omon,dissic,168,177
Omon,dissic,178,187
Omon,dissic,188,197
Omon,dissic,198,207
Omon,dissic,208,217
Omon,dissic,218,227
Omon,dissic,228,237
Omon,dissic,238,247
Omon,dissic,248,257
Omon,dissic,258,267
Omon,dissic,268,268
Omon,dissicnat,168,177
Omon,dissicnat,178,187
Omon,dissicnat,188,197
Omon,dissicnat,198,207
Omon,dissicnat,208,217
Omon,dissicnat,218,227
Omon,dissicnat,228,237
Omon,dissicnat,238,247
Omon,dissicnat,248,257
Omon,dissicnat,258,267
Omon,dissicnat,268,268
Omon,dissicnatos,168,268
Omon,dissicos,168,268
Omon,eparag100,168,268
Omon,epc100,168,268
Omon,evs,168,268
Omon,fgco2,168,268
Omon,fgco2nat,168,268
Omon,fgo2,168,268
Omon,friver,168,268
Omon,fsitherm,168,268
Omon,hfbasinpmadv,168,268
Omon,hfds,168,268
Omon,hfevapds,168,268
Omon,hflso,168,268
Omon,hfrainds,168,268
Omon,hfsifrazil2d,168,268
Omon,hfsso,168,268
Omon,htovgyre,168,268
Omon,htovovrt,168,268
Omon,intpp,168,268
Omon,masscello,168,177
Omon,masscello,178,187
Omon,masscello,188,197
Omon,masscello,198,207
Omon,masscello,208,217
Omon,masscello,218,227
Omon,masscello,228,237
Omon,masscello,238,247
Omon,masscello,248,257
Omon,masscello,258,267
Omon,masscello,268,268
Omon,masso,168,268
Omon,mfo,168,268
Omon,mlotst,168,268
Omon,msftbarot,168,268
Omon,msftmrho,168,268
Omon,msftmz,168,177
Omon,msftmz,178,187
Omon,msftmz,188,197
Omon,msftmz,198,207
Omon,msftmz,208,217
Omon,msftmz,218,227
Omon,msftmz,228,237
Omon,msftmz,238,247
Omon,msftmz,248,257
Omon,msftmz,258,267
Omon,msftmz,268,268
Omon,msftyrho,168,268
Omon,msftyz,168,177
Omon,msftyz,178,187
Omon,msftyz,188,197
Omon,msftyz,198,207
Omon,msftyz,208,217
Omon,msftyz,218,227
Omon,msftyz,228,237
Omon,msftyz,238,247
Omon,msftyz,248,257
Omon,msftyz,258,267
Omon,msftyz,268,268
Omon,no3,168,177
Omon,no3,178,187
Omon,no3,188,197
Omon,no3,198,207
Omon,no3,208,217
Omon,no3,218,227
Omon,no3,228,237
Omon,no3,238,247
Omon,no3,248,257
Omon,no3,258,267
Omon,no3,268,268
Omon,no3os,168,268
Omon,o2,168,177
Omon,o2,178,187
Omon,o2,188,197
Omon,o2,198,207
Omon,o2,208,217
Omon,o2,218,227
Omon,o2,228,237
Omon,o2,238,247
Omon,o2,248,257
Omon,o2,258,267
Omon,o2,268,268
Omon,o2os,168,268
Omon,obvfsq,168,177
Omon,obvfsq,178,187
Omon,obvfsq,188,197
Omon,obvfsq,198,207
Omon,obvfsq,208,217
Omon,obvfsq,218,227
Omon,obvfsq,228,237
Omon,obvfsq,238,247
Omon,obvfsq,248,257
Omon,obvfsq,258,267
Omon,obvfsq,268,268
Omon,pbo,168,268
Omon,phycos,168,268
Omon,po4,168,177
Omon,po4,178,187
Omon,po4,188,197
Omon,po4,198,207
Omon,po4,208,217
Omon,po4,218,227
Omon,po4,228,237
Omon,po4,238,247
Omon,po4,248,257
Omon,po4,258,267
Omon,po4,268,268
Omon,po4os,168,268
Omon,prra,168,268
Omon,prsn,168,268
Omon,pso,168,268
Omon,rlntds,168,268
Omon,rsntds,168,268
Omon,sfriver,168,268
Omon,sltovgyre,168,268
Omon,sltovovrt,168,268
Omon,so,168,177
Omon,so,178,187
Omon,so,188,197
Omon,so,198,207
Omon,so,208,217
Omon,so,218,227
Omon,so,228,237
Omon,so,238,247
Omon,so,248,257
Omon,so,258,267
Omon,so,268,268
Omon,sob,168,268
Omon,soga,168,268
Omon,sos,168,268
Omon,sosga,168,268
Omon,spco2,168,268
Omon,spco2nat,168,268
Omon,talk,168,177
Omon,talk,178,187
Omon,talk,188,197
Omon,talk,198,207
Omon,talk,208,217
Omon,talk,218,227
Omon,talk,228,237
Omon,talk,238,247
Omon,talk,248,257
Omon,talk,258,267
Omon,talk,268,268
Omon,talkos,168,268
Omon,tauuo,168,268
Omon,tauvo,168,268
Omon,thetao,168,177
Omon,thetao,178,187
Omon,thetao,188,197
Omon,thetao,198,207
Omon,thetao,208,217
Omon,thetao,218,227
Omon,thetao,228,237
Omon,thetao,238,247
Omon,thetao,248,257
Omon,thetao,258,267
Omon,thetao,268,268
Omon,thetaoga,168,268
Omon,tos,168,268
Omon,tosga,168,268
Omon,umo,168,177
Omon,umo,178,187
Omon,umo,188,197
Omon,umo,198,207
Omon,umo,208,217
Omon,umo,218,227
Omon,umo,228,237
Omon,umo,238,247
Omon,umo,248,257
Omon,umo,258,267
Omon,umo,268,268
Omon,uo,168,177
Omon,uo,178,187
Omon,uo,188,197
Omon,uo,198,207
Omon,uo,208,217
Omon,uo,218,227
Omon,uo,228,237
Omon,uo,238,247
Omon,uo,248,257
Omon,uo,258,267
Omon,uo,268,268
Omon,vmo,168,177
Omon,vmo,178,187
Omon,vmo,188,197
Omon,vmo,198,207
Omon,vmo,208,217
Omon,vmo,218,227
Omon,vmo,228,237
Omon,vmo,238,247
Omon,vmo,248,257
Omon,vmo,258,267
Omon,vmo,268,268
Omon,vo,168,177
Omon,vo,178,187
Omon,vo,188,197
Omon,vo,198,207
Omon,vo,208,217
Omon,vo,218,227
Omon,vo,228,237
Omon,vo,238,247
Omon,vo,248,257
Omon,vo,258,267
Omon,vo,268,268
Omon,volo,168,268
Omon,wfo,168,268
Omon,wmo,168,177
Omon,wmo,178,187
Omon,wmo,188,197
Omon,wmo,198,207
Omon,wmo,208,217
Omon,wmo,218,227
Omon,wmo,228,237
Omon,wmo,238,247
Omon,wmo,248,257
Omon,wmo,258,267
Omon,wmo,268,268
Omon,zos,168,268
Omon,zostoga,168,268
Omon,tob,168,268
