Efx,vegHeight,271,570
Eyr,baresoilFrac,271,570
LImon,sftgif,271,570
Eyr,cropFrac,271,570
Emon,cLand,271,570
Eday,mrsfl,271,275
Eyr,fracLut,271,570
LImon,snm,271,570
Eday,mrsfl,276,280
Lmon,baresoilFrac,271,570
Eyr,grassFrac,271,570
Amon,cl,271,290
LImon,snw,271,570
Eyr,shrubFrac,271,570
Emon,cSoil,271,570
Eday,mrsfl,281,285
Eyr,treeFrac,271,570
Lmon,c3PftFrac,271,570
Emon,cWood,271,570
Eyr,vegFrac,271,570
Amon,cl,291,310
Eday,mrsfl,286,290
Lmon,c4PftFrac,271,570
Eday,mrsfl,291,295
Emon,co23D,271,290
Eday,mrsfl,296,300
Amon,cl,311,330
Lmon,cCwd,271,570
Eday,mrsfl,301,305
Emon,co23D,291,310
Lmon,cLeaf,271,570
Amon,cl,331,350
Eday,mrsfl,306,310
Lmon,cLitter,271,570
Emon,co23D,311,330
Eday,mrsfl,311,315
Lmon,cRoot,271,570
Amon,cl,351,370
Eday,mrsfl,316,320
Lmon,cSoilFast,271,570
Eday,mrsfl,321,325
Lmon,cSoilMedium,271,570
Emon,co23D,331,350
Eday,mrsfl,326,330
Amon,cl,371,390
Ofx,areacello,271,570
Lmon,cSoilSlow,271,570
Ofx,basin,271,570
Lmon,cVeg,271,570
Ofx,deptho,271,570
Lmon,cropFrac,271,570
Amon,cl,391,410
Ofx,masscello,271,570
Eday,mrsfl,331,335
Ofx,sftof,271,570
Ofx,thkcello,271,570
Ofx,volcello,271,570
Eday,mrsfl,336,340
Lmon,evspsblsoi,271,570
Emon,co23D,351,370
Lmon,gpp,271,570
Eday,mrsfl,341,345
Lmon,grassFrac,271,570
Emon,co23D,371,390
Amon,cl,411,430
Eday,mrsfl,346,350
Lmon,lai,271,570
Emon,co23D,391,410
Lmon,landCoverFrac,271,570
Eday,mrsfl,351,355
Lmon,mrfso,271,570
Eday,mrsfl,356,360
Emon,co23D,411,430
Eday,mrsfl,361,365
Omon,agessc,271,280
Lmon,mrro,271,570
Amon,cl,431,450
Eday,mrsfl,366,370
Lmon,mrros,271,570
Oyr,arag,271,370
Lmon,mrso,271,570
Eday,mrsfl,371,375
Lmon,mrsos,271,570
Amon,cl,451,470
Eday,mrsfl,376,380
Lmon,nbp,271,570
Emon,co23D,431,450
Eday,mrsfl,381,385
Lmon,npp,271,570
Eday,mrsfl,386,390
Lmon,ra,271,570
Emon,co23D,451,470
Eday,mrsfl,391,395
Lmon,residualFrac,271,570
Amon,cl,471,490
Eday,mrsfl,396,400
Oyr,arag,371,470
Lmon,rh,271,570
Omon,agessc,281,290
Emon,co23D,471,490
Eday,mrsfl,401,405
Lmon,shrubFrac,271,570
Amon,cl,491,510
Eday,mrsfl,406,410
Lmon,treeFrac,271,570
Eday,mrsfl,411,415
Emon,co23D,491,510
Amon,cl,511,530
Oyr,arag,471,570
Eday,mrsfl,416,420
Lmon,tsl,271,370
Emon,co23D,511,530
Eday,mrsfl,421,425
Lmon,tsl,371,470
Eday,mrsfl,426,430
Omon,agessc,291,300
Eday,mrsfl,431,435
Lmon,tsl,471,570
Emon,co23D,531,550
Amon,cl,531,550
Oyr,chl,271,370
Eday,mrsfl,436,440
Emon,co23D,551,570
Eday,mrsfl,441,445
Emon,cropFracC3,271,570
Amon,cl,551,570
Eday,mrsfl,446,450
Emon,fBNF,271,570
Eday,mrsfl,451,455
Omon,agessc,301,310
Oyr,chl,371,470
Amon,cli,271,290
Emon,fNdep,271,570
Eday,mrsfl,456,460
Emon,fNgas,271,570
Eday,mrsfl,461,465
Eday,mrsfl,466,470
Emon,fNleach,271,570
Amon,cli,291,310
Oyr,chl,471,570
Eday,mrsfl,471,475
Emon,fNloss,271,570
Emon,fNnetmin,271,570
Eday,mrsfl,476,480
Amon,cli,311,330
Emon,fNup,271,570
Eday,mrsfl,481,485
Eday,mrsfl,486,490
Emon,fracLut,271,570
Oyr,detoc,271,370
Emon,grassFracC3,271,570
Amon,cli,331,350
Emon,grassFracC4,271,570
Omon,agessc,311,320
Eday,mrsfl,491,495
Oyr,detoc,371,470
Emon,intuaw,271,570
Eday,mrsfl,496,500
Amon,cli,351,370
Eday,mrsfl,501,505
Emon,intvaw,271,570
Omon,agessc,321,330
Emon,mrlso,271,570
Eday,mrsfl,506,510
Amon,cli,371,390
Oyr,detoc,471,570
Emon,mrsfl,271,370
Eday,mrsfl,511,515
Emon,mrsfl,371,470
Amon,cli,391,410
Eday,mrsfl,516,520
Emon,mrsfl,471,570
Oyr,dfe,271,370
Eday,mrsfl,521,525
Omon,agessc,331,340
Amon,cli,411,430
Emon,mrsll,271,370
Eday,mrsfl,526,530
Eday,mrsfl,531,535
Emon,mrsll,371,470
Oyr,dfe,371,470
Eday,mrsfl,536,540
Emon,mrsll,471,570
Amon,cli,431,450
Oyr,dfe,471,570
Emon,mrsol,271,370
Eday,mrsfl,541,545
Omon,agessc,341,350
Eday,mrsfl,546,550
Amon,cli,451,470
Emon,mrsol,371,470
Eday,mrsfl,551,555
Emon,mrsol,471,570
Oyr,dissic,271,370
Amon,cli,471,490
Emon,nLand,271,570
Eday,mrsfl,556,560
Omon,agessc,351,360
Emon,nLitter,271,570
Eday,mrsfl,561,565
Amon,cli,491,510
Emon,nMineral,271,570
Oyr,dissic,371,470
Eday,mrsfl,566,570
Emon,nSoil,271,570
Eday,mrsll,271,275
Emon,nVeg,271,570
Oyr,dissic,471,570
Omon,agessc,361,370
Amon,cli,511,530
Emon,nep,271,570
Eday,mrsll,276,280
Emon,nwdFracLut,271,570
Amon,cli,531,550
Eday,mrsll,281,285
Emon,orog,271,570
Omon,agessc,371,380
Amon,cli,551,570
Emon,rls,271,570
Oyr,dissicnat,271,370
Eday,mrsll,286,290
Emon,rss,271,570
Amon,clivi,271,570
Eday,mrsll,291,295
Emon,treeFracBdlDcd,271,570
Amon,clt,271,570
Omon,agessc,381,390
Emon,treeFracBdlEvg,271,570
Oyr,dissicnat,371,470
Eday,mrsll,296,300
Emon,treeFracNdlDcd,271,570
Emon,treeFracNdlEvg,271,570
Eday,mrsll,301,305
Oyr,dissicnat,471,570
Emon,vegFrac,271,570
Omon,agessc,391,400
Eday,mrsll,306,310
Oyr,fgco2,271,570
Emon,vegHeight,271,570
Amon,clw,271,290
Oyr,fgco2nat,271,570
Emon,wetlandFrac,271,570
Omon,agessc,401,410
Eday,mrsll,311,315
Eday,mrsll,316,320
Oyr,no3,271,370
Eday,mrsll,321,325
Omon,agessc,411,420
Amon,clw,291,310
Oyr,no3,371,470
Amon,clw,311,330
Eday,mrsll,326,330
Omon,agessc,421,430
Amon,clw,331,350
Eday,mrsll,331,335
Oyr,no3,471,570
Amon,clw,351,370
Eday,mrsll,336,340
Amon,clw,371,390
Omon,agessc,431,440
Oyr,o2,271,370
Amon,clw,391,410
Eday,mrsll,341,345
Eday,mrsll,346,350
Amon,clw,411,430
Omon,agessc,441,450
Oyr,o2,371,470
Amon,clw,431,450
Eday,mrsll,351,355
Oyr,o2,471,570
Eday,mrsll,356,360
Omon,agessc,451,460
Amon,clw,451,470
Eday,mrsll,361,365
Oyr,po4,271,370
Amon,clw,471,490
Amon,clw,491,510
Oyr,po4,371,470
Eday,mrsll,366,370
Amon,clw,511,530
Omon,agessc,461,470
Eday,mrsll,371,375
Amon,clw,531,550
Amon,clw,551,570
Oyr,po4,471,570
Eday,mrsll,376,380
Omon,agessc,471,480
Eday,mrsll,381,385
Omon,agessc,481,490
Amon,co2,271,370
Eday,mrsll,386,390
Oyr,talk,271,370
Eday,mrsll,391,395
Oyr,talk,371,470
Omon,agessc,491,500
Amon,co2,371,470
Oyr,talk,471,570
Eday,mrsll,396,400
Omon,agessc,501,510
Eday,mrsll,401,405
Amon,co2,471,570
Omon,agessc,511,520
Eday,mrsll,406,410
Amon,evspsbl,271,570
Eday,mrsll,411,415
Omon,agessc,521,530
Amon,hfls,271,570
Eday,mrsll,416,420
Amon,hfss,271,570
Omon,agessc,531,540
Eday,mrsll,421,425
Eday,mrsll,426,430
Amon,hur,271,370
Omon,agessc,541,550
Eday,mrsll,431,435
Eday,mrsll,436,440
Omon,agessc,551,560
Eday,mrsll,441,445
Eday,mrsll,446,450
Eday,mrsll,451,455
Amon,hur,371,470
Eday,mrsll,456,460
Eday,mrsll,461,465
Eday,mrsll,466,470
Omon,agessc,561,570
Eday,mrsll,471,475
Eday,mrsll,476,480
Eday,mrsll,481,485
Omon,arag,271,280
Eday,mrsll,486,490
Eday,mrsll,491,495
Omon,arag,281,290
Amon,hur,471,570
Eday,mrsll,496,500
Amon,hurs,271,570
Eday,mrsll,501,505
Omon,arag,291,300
Eday,mrsll,506,510
Eday,mrsll,511,515
Amon,hus,271,370
Eday,mrsll,516,520
Omon,arag,301,310
Eday,mrsll,521,525
Eday,mrsll,526,530
Amon,hus,371,470
Eday,mrsll,531,535
Omon,arag,311,320
Eday,mrsll,536,540
Amon,hus,471,570
Eday,mrsll,541,545
Amon,huss,271,570
Eday,mrsll,546,550
Amon,pfull,271,570
Eday,mrsll,551,555
Amon,phalf,271,570
Eday,mrsll,556,560
Amon,pr,271,570
Eday,mrsll,561,565
Omon,arag,321,330
Eday,mrsll,566,570
Eday,mrsol,271,275
Amon,prc,271,570
Omon,arag,331,340
Amon,prsn,271,570
Eday,mrsol,276,280
Amon,prw,271,570
Omon,arag,341,350
Eday,mrsol,281,285
Eday,mrsol,286,290
Omon,arag,351,360
Eday,mrsol,291,295
Amon,ps,271,570
Eday,mrsol,296,300
Amon,psl,271,570
Eday,mrsol,301,305
Omon,arag,361,370
Eday,mrsol,306,310
Amon,rlds,271,570
Eday,mrsol,311,315
Amon,rldscs,271,570
Eday,mrsol,316,320
Amon,rlus,271,570
Eday,mrsol,321,325
Amon,rlut,271,570
Eday,mrsol,326,330
Amon,rlutcs,271,570
Eday,mrsol,331,335
Eday,mrsol,336,340
Amon,rsds,271,570
Omon,arag,371,380
Amon,rsdscs,271,570
Amon,rsdt,271,570
Eday,mrsol,341,345
Amon,rsus,271,570
Eday,mrsol,346,350
Omon,arag,381,390
Amon,rsuscs,271,570
Eday,mrsol,351,355
Eday,mrsol,356,360
Eday,mrsol,361,365
Omon,arag,391,400
Amon,rsut,271,570
Amon,rsutcs,271,570
Omon,arag,401,410
Eday,mrsol,366,370
Amon,rtmt,271,570
Eday,mrsol,371,375
Amon,sbl,271,570
Eday,mrsol,376,380
Omon,arag,411,420
Amon,sci,271,570
Eday,mrsol,381,385
Amon,sfcWind,271,570
Eday,mrsol,386,390
Eday,mrsol,391,395
Eday,mrsol,396,400
Amon,ta,271,370
Eday,mrsol,401,405
Eday,mrsol,406,410
Omon,arag,421,430
Eday,mrsol,411,415
Eday,mrsol,416,420
Omon,arag,431,440
Eday,mrsol,421,425
Eday,mrsol,426,430
Omon,arag,441,450
Eday,mrsol,431,435
Eday,mrsol,436,440
Eday,mrsol,441,445
Omon,arag,451,460
Eday,mrsol,446,450
SImon,siareaacrossline,271,570
SImon,siarean,271,570
SImon,siareas,271,570
Eday,mrsol,451,455
SImon,sicompstren,271,570
Amon,ta,371,470
Eday,mrsol,456,460
Omon,arag,461,470
Eday,mrsol,461,465
SImon,siconc,271,570
Omon,arag,471,480
SImon,siconca,271,570
Eday,mrsol,466,470
Eday,mrsol,471,475
SImon,sidivvel,271,570
SImon,sidmassevapsubl,271,570
Eday,mrsol,476,480
Omon,arag,481,490
Eday,mrsol,481,485
SImon,sidmasstranx,271,570
Eday,mrsol,486,490
SImon,sidmasstrany,271,570
SImon,siextentn,271,570
Omon,arag,491,500
SImon,siextents,271,570
Eday,mrsol,491,495
Eday,mrsol,496,500
SImon,siflfwbot,271,570
Eday,mrsol,501,505
SImon,sifllatstop,271,570
Omon,arag,501,510
SImon,siflsensupbot,271,570
Eday,mrsol,506,510
Amon,ta,471,570
Eday,mrsol,511,515
Eday,mrsol,516,520
SImon,simass,271,570
Amon,tas,271,570
SImon,simassacrossline,271,570
Amon,tasmax,271,570
Eday,mrsol,521,525
SImon,sipr,271,570
SImon,sisnconc,271,570
Eday,mrsol,526,530
Amon,tasmin,271,570
Eday,mrsol,531,535
Omon,arag,511,520
Eday,mrsol,536,540
Amon,tauu,271,570
SImon,sisnmass,271,570
Eday,mrsol,541,545
Amon,tauv,271,570
SImon,sisnthick,271,570
Omon,arag,521,530
Eday,mrsol,546,550
SImon,sispeed,271,570
Amon,ts,271,570
Eday,mrsol,551,555
Eday,mrsol,556,560
SImon,sistrxdtop,271,570
SImon,sistrxubot,271,570
Eday,mrsol,561,565
Amon,ua,271,370
SImon,sistrydtop,271,570
SImon,sistryubot,271,570
Eday,mrsol,566,570
Omon,arag,531,540
SImon,sithick,271,570
SImon,siu,271,570
Amon,ua,371,470
SImon,siv,271,570
SImon,sivol,271,570
SImon,sivoln,271,570
Omon,arag,541,550
SImon,sivols,271,570
Amon,ua,471,570
SImon,sndmasssnf,271,570
Omon,arag,551,560
SImon,snmassacrossline,271,570
Amon,uas,271,570
Omon,arag,561,570
Amon,va,271,370
Omon,chl,271,280
Omon,chl,281,290
Amon,va,371,470
Omon,chl,291,300
Omon,chl,301,310
Omon,chl,311,320
Omon,chl,321,330
Amon,va,471,570
Omon,chl,331,340
Amon,vas,271,570
Omon,chl,341,350
Omon,chl,351,360
Amon,wap,271,370
Omon,chl,361,370
Amon,wap,371,470
Omon,chl,371,380
Amon,wap,471,570
Omon,chl,381,390
Amon,zg,271,370
Omon,chl,391,400
Omon,chl,401,410
Amon,zg,371,470
Omon,chl,411,420
Amon,zg,471,570
Omon,chl,421,430
Omon,chl,431,440
Omon,chl,441,450
Omon,chl,451,460
Omon,chl,461,470
Omon,chl,471,480
Omon,chl,481,490
Omon,chl,491,500
Omon,chl,501,510
Omon,chl,511,520
Omon,chl,521,530
Omon,chl,531,540
Omon,chl,541,550
Omon,chl,551,560
Omon,chl,561,570
Omon,chlos,271,570
Omon,detoc,271,280
Omon,detoc,281,290
Omon,detoc,291,300
Omon,detoc,301,310
Omon,detoc,311,320
Omon,detoc,321,330
Omon,detoc,331,340
Omon,detoc,341,350
Omon,detoc,351,360
Omon,detoc,361,370
Omon,detoc,371,380
Omon,detoc,381,390
Omon,detoc,391,400
Omon,detoc,401,410
Omon,detoc,411,420
Omon,detoc,421,430
Omon,detoc,431,440
Omon,detoc,441,450
Omon,detoc,451,460
Omon,detoc,461,470
Omon,detoc,471,480
day,hurs,271,320
Omon,detoc,481,490
day,hurs,321,370
Omon,detoc,491,500
Omon,detoc,501,510
day,hurs,371,420
Omon,detoc,511,520
day,hurs,421,470
Omon,detoc,521,530
day,hurs,471,520
Omon,detoc,531,540
day,hurs,521,570
day,hursmax,406,420
Omon,detoc,541,550
day,hursmax,421,435
Omon,detoc,551,560
day,hursmin,271,320
Omon,detoc,561,570
Omon,dfeos,271,570
day,hursmin,321,370
Omon,dissic,271,280
day,hursmin,371,420
Omon,dissic,281,290
day,hursmin,421,470
Omon,dissic,291,300
day,hursmin,471,520
Omon,dissic,301,310
day,hursmin,521,570
day,huss,271,320
Omon,dissic,311,320
Omon,dissic,321,330
Omon,dissic,331,340
day,huss,321,370
Omon,dissic,341,350
day,huss,371,420
day,huss,421,470
Omon,dissic,351,360
Omon,dissic,361,370
day,huss,471,520
day,huss,521,570
Omon,dissic,371,380
day,mrso,271,320
day,mrso,321,370
Omon,dissic,381,390
Omon,dissic,391,400
day,mrso,371,420
day,mrso,421,470
Omon,dissic,401,410
Omon,dissic,411,420
day,mrso,471,520
day,mrso,521,570
Omon,dissic,421,430
day,mrsos,271,320
Omon,dissic,431,440
day,mrsos,321,370
day,mrsos,371,420
Omon,dissic,441,450
day,mrsos,421,470
Omon,dissic,451,460
day,mrsos,471,520
day,mrsos,521,570
Omon,dissic,461,470
Omon,dissic,471,480
day,pr,271,320
Omon,dissic,481,490
Omon,dissic,491,500
day,pr,321,370
Omon,dissic,501,510
Omon,dissic,511,520
day,pr,371,420
Omon,dissic,521,530
day,pr,421,470
Omon,dissic,531,540
day,pr,471,520
Omon,dissic,541,550
Omon,dissic,551,560
day,pr,521,570
Omon,dissic,561,570
day,psl,271,320
Omon,dissicnatos,271,570
day,psl,321,370
Omon,dissicos,271,570
Omon,eparag100,271,570
Omon,epc100,271,570
day,psl,371,420
Omon,evs,271,570
day,psl,421,470
Omon,fgco2,271,570
Omon,fgco2nat,271,570
day,psl,471,520
day,psl,521,570
Omon,fgo2,271,570
Omon,friver,271,570
Omon,fsitherm,271,570
Omon,hfbasinpmadv,271,570
day,sfcWind,271,320
day,sfcWind,321,370
Omon,hfds,271,570
day,sfcWind,371,420
Omon,hfevapds,271,570
Omon,hflso,271,570
day,sfcWind,421,470
Omon,hfrainds,271,570
day,sfcWind,471,520
Omon,hfsifrazil2d,271,570
Omon,hfsso,271,570
day,sfcWind,521,570
Omon,htovgyre,271,570
Omon,htovovrt,271,570
Omon,intpp,271,570
day,tas,271,320
Omon,masscello,271,280
Omon,masscello,281,290
day,tas,321,370
Omon,masscello,291,300
day,tas,371,420
Omon,masscello,301,310
Omon,masscello,311,320
day,tas,421,470
Omon,masscello,321,330
fx,areacella,271,570
fx,orog,271,570
fx,sftgif,271,570
fx,sftlf,271,570
fx,zfull,271,570
Omon,masscello,331,340
Omon,masscello,341,350
day,tas,471,520
Omon,masscello,351,360
Omon,masscello,361,370
day,tas,521,570
Omon,masscello,371,380
day,tasmax,271,320
Omon,masscello,381,390
Omon,masscello,391,400
day,tasmax,321,370
Omon,masscello,401,410
Omon,masscello,411,420
day,tasmax,371,420
Omon,masscello,421,430
day,tasmax,421,470
Omon,masscello,431,440
Omon,masscello,441,450
day,tasmax,471,520
Omon,masscello,451,460
Omon,masscello,461,470
day,tasmax,521,570
Omon,masscello,471,480
day,tasmin,271,320
Omon,masscello,481,490
day,tasmin,321,370
Omon,masscello,491,500
Omon,masscello,501,510
Omon,masscello,511,520
Omon,masscello,521,530
day,tasmin,371,420
Omon,masscello,531,540
day,tasmin,421,470
Omon,masscello,541,550
Omon,masscello,551,560
day,tasmin,471,520
Omon,masscello,561,570
Omon,masso,271,570
Omon,mfo,271,570
Omon,mlotst,271,570
day,tasmin,521,570
Omon,msftbarot,271,570
Omon,msftmrho,271,570
Omon,msftmz,271,280
Omon,msftmz,281,290
Omon,msftmz,291,300
Omon,msftmz,301,310
Omon,msftmz,311,320
Omon,msftmz,321,330
Omon,msftmz,331,340
Omon,msftmz,341,350
Omon,msftmz,351,360
Omon,msftmz,361,370
Omon,msftmz,371,380
Omon,msftmz,381,390
Omon,msftmz,391,400
Omon,msftmz,401,410
Omon,msftmz,411,420
Omon,msftmz,421,430
Omon,msftmz,431,440
Omon,msftmz,441,450
Omon,msftmz,451,460
Omon,msftmz,461,470
Omon,msftmz,471,480
Omon,msftmz,481,490
Omon,msftmz,491,500
Omon,msftmz,501,510
Omon,msftmz,511,520
Omon,msftmz,521,530
Omon,msftmz,531,540
Omon,msftmz,541,550
Omon,msftmz,551,560
Omon,msftmz,561,570
Omon,msftyrho,271,570
Omon,msftyz,271,280
Omon,msftyz,281,290
Omon,msftyz,291,300
Omon,msftyz,301,310
Omon,msftyz,311,320
Omon,msftyz,321,330
Omon,msftyz,331,340
Omon,msftyz,341,350
Omon,msftyz,351,360
Omon,msftyz,361,370
Omon,msftyz,371,380
Omon,msftyz,381,390
Omon,msftyz,391,400
Omon,msftyz,401,410
Omon,msftyz,411,420
Omon,msftyz,421,430
Omon,msftyz,431,440
Omon,msftyz,441,450
Omon,msftyz,451,460
Omon,msftyz,461,470
Omon,msftyz,471,480
Omon,msftyz,481,490
Omon,msftyz,491,500
Omon,msftyz,501,510
Omon,msftyz,511,520
Omon,msftyz,521,530
Omon,msftyz,531,540
Omon,msftyz,541,550
Omon,msftyz,551,560
Omon,msftyz,561,570
Omon,no3,271,280
Omon,no3,281,290
Omon,no3,291,300
Omon,no3,301,310
Omon,no3,311,320
Omon,no3,321,330
Omon,no3,331,340
Omon,no3,341,350
Omon,no3,351,360
Omon,no3,361,370
Omon,no3,371,380
Omon,no3,381,390
Omon,no3,391,400
Omon,no3,401,410
Omon,no3,411,420
Omon,no3,421,430
Omon,no3,431,440
Omon,no3,441,450
Omon,no3,451,460
Omon,no3,461,470
Omon,no3,471,480
Omon,no3,481,490
Omon,no3,491,500
Omon,no3,501,510
Omon,no3,511,520
Omon,no3,521,530
Omon,no3,531,540
Omon,no3,541,550
Omon,no3,551,560
Omon,no3,561,570
Omon,no3os,271,570
Omon,o2,271,280
Omon,o2,281,290
Omon,o2,291,300
Omon,o2,301,310
Omon,o2,311,320
Omon,o2,321,330
Omon,o2,331,340
Omon,o2,341,350
Omon,o2,351,360
Omon,o2,361,370
Omon,o2,371,380
Omon,o2,381,390
Omon,o2,391,400
Omon,o2,401,410
Omon,o2,411,420
Omon,o2,421,430
Omon,o2,431,440
Omon,o2,441,450
Omon,o2,451,460
Omon,o2,461,470
Omon,o2,471,480
Omon,o2,481,490
Omon,o2,491,500
Omon,o2,501,510
Omon,o2,511,520
Omon,o2,521,530
Omon,o2,531,540
Omon,o2,541,550
Omon,o2,551,560
Omon,o2,561,570
Omon,o2os,271,570
Omon,obvfsq,271,280
Omon,obvfsq,281,290
Omon,obvfsq,291,300
Omon,obvfsq,301,310
Omon,obvfsq,311,320
Omon,obvfsq,321,330
Omon,obvfsq,331,340
Omon,obvfsq,341,350
Omon,obvfsq,351,360
Omon,obvfsq,361,370
Omon,obvfsq,371,380
Omon,obvfsq,381,390
Omon,obvfsq,391,400
Omon,obvfsq,401,410
Omon,obvfsq,411,420
Omon,obvfsq,421,430
Omon,obvfsq,431,440
Omon,obvfsq,441,450
Omon,obvfsq,451,460
Omon,obvfsq,461,470
Omon,obvfsq,471,480
Omon,obvfsq,481,490
Omon,obvfsq,491,500
Omon,obvfsq,501,510
Omon,obvfsq,511,520
Omon,obvfsq,521,530
Omon,obvfsq,531,540
Omon,obvfsq,541,550
Omon,obvfsq,551,560
Omon,obvfsq,561,570
Omon,pbo,271,570
Omon,phycos,271,570
Omon,phynos,271,570
Omon,po4,271,280
Omon,po4,281,290
Omon,po4,291,300
Omon,po4,301,310
Omon,po4,311,320
Omon,po4,321,330
Omon,po4,331,340
Omon,po4,341,350
Omon,po4,351,360
Omon,po4,361,370
Omon,po4,371,380
Omon,po4,381,390
Omon,po4,391,400
Omon,po4,401,410
Omon,po4,411,420
Omon,po4,421,430
Omon,po4,431,440
Omon,po4,441,450
Omon,po4,451,460
Omon,po4,461,470
Omon,po4,471,480
Omon,po4,481,490
Omon,po4,491,500
Omon,po4,501,510
Omon,po4,511,520
Omon,po4,521,530
Omon,po4,531,540
Omon,po4,541,550
Omon,po4,551,560
Omon,po4,561,570
Omon,po4os,271,570
Omon,prra,271,570
Omon,prsn,271,570
Omon,pso,271,570
Omon,rlntds,271,570
Omon,rsntds,271,570
Omon,sfriver,271,570
Omon,sltovgyre,271,570
Omon,sltovovrt,271,570
Omon,so,271,280
Omon,so,281,290
Omon,so,291,300
Omon,so,301,310
Omon,so,311,320
Omon,so,321,330
Omon,so,331,340
Omon,so,341,350
Omon,so,351,360
Omon,so,361,370
Omon,so,371,380
Omon,so,381,390
Omon,so,391,400
Omon,so,401,410
Omon,so,411,420
Omon,so,421,430
Omon,so,431,440
Omon,so,441,450
Omon,so,451,460
Omon,so,461,470
Omon,so,471,480
Omon,so,481,490
Omon,so,491,500
Omon,so,501,510
Omon,so,511,520
Omon,so,521,530
Omon,so,531,540
Omon,so,541,550
Omon,so,551,560
Omon,so,561,570
Omon,sob,271,570
Omon,soga,271,570
Omon,sos,271,570
Omon,sosga,271,570
Omon,spco2,271,570
Omon,spco2nat,271,570
Omon,talk,271,280
Omon,talk,281,290
Omon,talk,291,300
Omon,talk,301,310
Omon,talk,311,320
Omon,talk,321,330
Omon,talk,331,340
Omon,talk,341,350
Omon,talk,351,360
Omon,talk,361,370
Omon,talk,371,380
Omon,talk,381,390
Omon,talk,391,400
Omon,talk,401,410
Omon,talk,411,420
Omon,talk,421,430
Omon,talk,431,440
Omon,talk,441,450
Omon,talk,451,460
Omon,talk,461,470
Omon,talk,471,480
Omon,talk,481,490
Omon,talk,491,500
Omon,talk,501,510
Omon,talk,511,520
Omon,talk,521,530
Omon,talk,531,540
Omon,talk,541,550
Omon,talk,551,560
Omon,talk,561,570
Omon,talkos,271,570
Omon,tauuo,271,570
Omon,tauvo,271,570
Omon,thetao,271,280
Omon,thetao,281,290
Omon,thetao,291,300
Omon,thetao,301,310
Omon,thetao,311,320
Omon,thetao,321,330
Omon,thetao,331,340
Omon,thetao,341,350
Omon,thetao,351,360
Omon,thetao,361,370
Omon,thetao,371,380
Omon,thetao,381,390
Omon,thetao,391,400
Omon,thetao,401,410
Omon,thetao,411,420
Omon,thetao,421,430
Omon,thetao,431,440
Omon,thetao,441,450
Omon,thetao,451,460
Omon,thetao,461,470
Omon,thetao,471,480
Omon,thetao,481,490
Omon,thetao,491,500
Omon,thetao,501,510
Omon,thetao,511,520
Omon,thetao,521,530
Omon,thetao,531,540
Omon,thetao,541,550
Omon,thetao,551,560
Omon,thetao,561,570
Omon,thetaoga,271,570
Omon,tos,271,570
Omon,tosga,271,570
Omon,umo,271,280
Omon,umo,281,290
Omon,umo,291,300
Omon,umo,301,310
Omon,umo,311,320
Omon,umo,321,330
Omon,umo,331,340
Omon,umo,341,350
Omon,umo,351,360
Omon,umo,361,370
Omon,umo,371,380
Omon,umo,381,390
Omon,umo,391,400
Omon,umo,401,410
Omon,umo,411,420
Omon,umo,421,430
Omon,umo,431,440
Omon,umo,441,450
Omon,umo,451,460
Omon,umo,461,470
Omon,umo,471,480
Omon,umo,481,490
Omon,umo,491,500
Omon,umo,501,510
Omon,umo,511,520
Omon,umo,521,530
Omon,umo,531,540
Omon,umo,541,550
Omon,umo,551,560
Omon,umo,561,570
Omon,uo,271,280
Omon,uo,281,290
Omon,uo,291,300
Omon,uo,301,310
Omon,uo,311,320
Omon,uo,321,330
Omon,uo,331,340
Omon,uo,341,350
Omon,uo,351,360
Omon,uo,361,370
Omon,uo,371,380
Omon,uo,381,390
Omon,uo,391,400
Omon,uo,401,410
Omon,uo,411,420
Omon,uo,421,430
Omon,uo,431,440
Omon,uo,441,450
Omon,uo,451,460
Omon,uo,461,470
Omon,uo,471,480
Omon,uo,481,490
Omon,uo,491,500
Omon,uo,501,510
Omon,uo,511,520
Omon,uo,521,530
Omon,uo,531,540
Omon,uo,541,550
Omon,uo,551,560
Omon,uo,561,570
Omon,vmo,271,280
Omon,vmo,281,290
Omon,vmo,291,300
Omon,vmo,301,310
Omon,vmo,311,320
Omon,vmo,321,330
Omon,vmo,331,340
Omon,vmo,341,350
Omon,vmo,351,360
Omon,vmo,361,370
Omon,vmo,371,380
Omon,vmo,381,390
Omon,vmo,391,400
Omon,vmo,401,410
Omon,vmo,411,420
Omon,vmo,421,430
Omon,vmo,431,440
Omon,vmo,441,450
Omon,vmo,451,460
Omon,vmo,461,470
Omon,vmo,471,480
Omon,vmo,481,490
Omon,vmo,491,500
Omon,vmo,501,510
Omon,vmo,511,520
Omon,vmo,521,530
Omon,vmo,531,540
Omon,vmo,541,550
Omon,vmo,551,560
Omon,vmo,561,570
Omon,vo,271,280
Omon,vo,281,290
Omon,vo,291,300
Omon,vo,301,310
Omon,vo,311,320
Omon,vo,321,330
Omon,vo,331,340
Omon,vo,341,350
Omon,vo,351,360
Omon,vo,361,370
Omon,vo,371,380
Omon,vo,381,390
Omon,vo,391,400
Omon,vo,401,410
Omon,vo,411,420
Omon,vo,421,430
Omon,vo,431,440
Omon,vo,441,450
Omon,vo,451,460
Omon,vo,461,470
Omon,vo,471,480
Omon,vo,481,490
Omon,vo,491,500
Omon,vo,501,510
Omon,vo,511,520
Omon,vo,521,530
Omon,vo,531,540
Omon,vo,541,550
Omon,vo,551,560
Omon,vo,561,570
Omon,volcello,271,280
Omon,volcello,281,290
Omon,volcello,291,300
Omon,volcello,301,310
Omon,volcello,311,320
Omon,volcello,321,330
Omon,volcello,331,340
Omon,volcello,341,350
Omon,volcello,351,360
Omon,volcello,361,370
Omon,volcello,371,380
Omon,volcello,381,390
Omon,volcello,391,400
Omon,volcello,401,410
Omon,volcello,411,420
Omon,volcello,421,430
Omon,volcello,431,440
Omon,volcello,441,450
Omon,volcello,451,460
Omon,volcello,461,470
Omon,volcello,471,480
Omon,volcello,481,490
Omon,volcello,491,500
Omon,volcello,501,510
Omon,volcello,511,520
Omon,volcello,521,530
Omon,volcello,531,540
Omon,volcello,541,550
Omon,volcello,551,560
Omon,volcello,561,570
Omon,volo,271,570
Omon,wfo,271,570
Omon,wmo,271,280
Omon,wmo,281,290
Omon,wmo,291,300
Omon,wmo,301,310
Omon,wmo,311,320
Omon,wmo,321,330
Omon,wmo,331,340
Omon,wmo,341,350
Omon,wmo,351,360
Omon,wmo,361,370
Omon,wmo,371,380
Omon,wmo,381,390
Omon,wmo,391,400
Omon,wmo,401,410
Omon,wmo,411,420
Omon,wmo,421,430
Omon,wmo,431,440
Omon,wmo,441,450
Omon,wmo,451,460
Omon,wmo,461,470
Omon,wmo,471,480
Omon,wmo,481,490
Omon,wmo,491,500
Omon,wmo,501,510
Omon,wmo,511,520
Omon,wmo,521,530
Omon,wmo,531,540
Omon,wmo,541,550
Omon,wmo,551,560
Omon,wmo,561,570
Omon,zos,271,570
Omon,zostoga,271,570
fx,areacella,571,770
Eyr,baresoilFrac,571,770
Efx,vegHeight,571,770
Lmon,baresoilFrac,571,770
LImon,sftgif,571,770
Emon,cLand,571,770
Eday,mrsfl,571,575
Eyr,cropFrac,571,770
fx,orog,571,770
LImon,snm,571,770
Lmon,c3PftFrac,571,770
Emon,cSoil,571,770
fx,sftgif,571,770
Eyr,fracLut,571,770
Eday,mrsfl,576,580
Lmon,c4PftFrac,571,770
LImon,snw,571,770
Amon,cl,571,590
Emon,cWood,571,770
fx,sftlf,571,770
Eyr,grassFrac,571,770
Eday,mrsfl,581,585
Eyr,shrubFrac,571,770
fx,zfull,571,770
Lmon,cCwd,571,770
Eyr,treeFrac,571,770
Ofx,areacello,571,770
Lmon,cLeaf,571,770
Eday,mrsfl,586,590
Eyr,vegFrac,571,770
Ofx,basin,571,770
Emon,co23D,571,590
Amon,cl,591,610
Lmon,cLitter,571,770
Eday,mrsfl,591,595
day,hurs,571,620
Eday,mrsfl,596,600
Lmon,cRoot,571,770
Ofx,deptho,571,770
Emon,co23D,591,610
Lmon,cSoilFast,571,770
Eday,mrsfl,601,605
Lmon,cSoilMedium,571,770
Amon,cl,611,630
Eday,mrsfl,606,610
Lmon,cSoilSlow,571,770
Ofx,masscello,571,770
Eday,mrsfl,611,615
Emon,co23D,611,630
Ofx,sftof,571,770
Lmon,cVeg,571,770
day,hurs,621,670
Eday,mrsfl,616,620
Amon,cl,631,650
Ofx,thkcello,571,770
Lmon,cropFrac,571,770
Omon,agessc,571,580
Ofx,volcello,571,770
Lmon,evspsblsoi,571,770
Eday,mrsfl,621,625
Emon,co23D,631,650
Lmon,gpp,571,770
Amon,cl,651,670
Eday,mrsfl,626,630
Lmon,grassFrac,571,770
Eday,mrsfl,631,635
Emon,co23D,651,670
Lmon,lai,571,770
Eday,mrsfl,636,640
Omon,agessc,581,590
Lmon,landCoverFrac,571,770
day,hurs,671,720
Eday,mrsfl,641,645
Lmon,mrfso,571,770
Emon,co23D,671,690
Amon,cl,671,690
Eday,mrsfl,646,650
SImon,siareaacrossline,571,770
Lmon,mrro,571,770
Oyr,arag,571,670
SImon,siarean,571,770
Eday,mrsfl,651,655
Omon,agessc,591,600
SImon,siareas,571,770
Eday,mrsfl,656,660
Lmon,mrros,571,770
SImon,sicompstren,571,770
Lmon,mrso,571,770
Eday,mrsfl,661,665
Amon,cl,691,710
Eday,mrsfl,666,670
day,hurs,721,770
SImon,siconc,571,770
Lmon,mrsos,571,770
Oyr,arag,671,770
Emon,co23D,691,710
Omon,agessc,601,610
SImon,siconca,571,770
Eday,mrsfl,671,675
Lmon,nbp,571,770
Amon,cl,711,730
Eday,mrsfl,676,680
Lmon,npp,571,770
SImon,sidivvel,571,770
Emon,co23D,711,730
Lmon,ra,571,770
Eday,mrsfl,681,685
SImon,sidmassevapsubl,571,770
Lmon,residualFrac,571,770
Amon,cl,731,750
day,hursmin,571,620
Omon,agessc,611,620
Eday,mrsfl,686,690
Lmon,rh,571,770
SImon,sidmasstranx,571,770
Emon,co23D,731,750
Oyr,chl,571,670
Lmon,shrubFrac,571,770
SImon,sidmasstrany,571,770
Amon,cl,751,770
Eday,mrsfl,691,695
Lmon,treeFrac,571,770
SImon,siextentn,571,770
Eday,mrsfl,696,700
SImon,siextents,571,770
Emon,co23D,751,770
Lmon,tsl,571,670
Emon,cropFracC3,571,770
Emon,fBNF,571,770
Eday,mrsfl,701,705
Lmon,tsl,671,770
Amon,cli,571,590
SImon,siflfwbot,571,770
Emon,fNdep,571,770
Eday,mrsfl,706,710
day,hursmin,621,670
Oyr,chl,671,770
Emon,fNgas,571,770
Omon,agessc,621,630
SImon,sifllatstop,571,770
Emon,fNleach,571,770
Eday,mrsfl,711,715
Amon,cli,591,610
Emon,fNloss,571,770
SImon,siflsensupbot,571,770
Eday,mrsfl,716,720
Emon,fNnetmin,571,770
Oyr,detoc,571,670
SImon,simass,571,770
Amon,cli,611,630
Eday,mrsfl,721,725
Omon,agessc,631,640
Emon,fNup,571,770
SImon,simassacrossline,571,770
day,hursmin,671,720
Eday,mrsfl,726,730
Emon,fracLut,571,770
SImon,sipr,571,770
Amon,cli,631,650
Emon,grassFracC3,571,770
Eday,mrsfl,731,735
SImon,sisnconc,571,770
Emon,grassFracC4,571,770
Eday,mrsfl,736,740
Oyr,detoc,671,770
Omon,agessc,641,650
SImon,sisnmass,571,770
Eday,mrsfl,741,745
Emon,intuaw,571,770
SImon,sisnthick,571,770
Eday,mrsfl,746,750
Emon,intvaw,571,770
Amon,cli,651,670
Oyr,dfe,571,670
SImon,sispeed,571,770
day,hursmin,721,770
Eday,mrsfl,751,755
Emon,mrlso,571,770
SImon,sistrxdtop,571,770
Eday,mrsfl,756,760
Emon,mrsfl,571,670
Omon,agessc,651,660
Eday,mrsfl,761,765
SImon,sistrxubot,571,770
Emon,mrsfl,671,770
Amon,cli,671,690
Oyr,dfe,671,770
Omon,agessc,661,670
Eday,mrsfl,766,770
day,huss,571,620
Amon,cli,691,710
SImon,sistrydtop,571,770
Omon,agessc,671,680
Eday,mrsll,571,575
SImon,sistryubot,571,770
Eday,mrsll,576,580
Amon,cli,711,730
Emon,mrsll,571,670
Oyr,dissic,571,670
SImon,sithick,571,770
Eday,mrsll,581,585
Emon,mrsll,671,770
Omon,agessc,681,690
SImon,siu,571,770
Amon,cli,731,750
Emon,mrsol,571,670
Eday,mrsll,586,590
day,huss,621,670
SImon,siv,571,770
Oyr,dissic,671,770
Eday,mrsll,591,595
Amon,cli,751,770
Emon,mrsol,671,770
SImon,sivol,571,770
SImon,sivoln,571,770
Emon,nLand,571,770
Omon,agessc,691,700
Eday,mrsll,596,600
SImon,sivols,571,770
Amon,clivi,571,770
Emon,nLitter,571,770
Oyr,dissicnat,571,670
Amon,clt,571,770
Emon,nMineral,571,770
Eday,mrsll,601,605
Emon,nSoil,571,770
Eday,mrsll,606,610
Emon,nVeg,571,770
day,huss,671,720
Amon,clw,571,590
SImon,sndmasssnf,571,770
Omon,agessc,701,710
Emon,nep,571,770
Eday,mrsll,611,615
SImon,snmassacrossline,571,770
Oyr,dissicnat,671,770
Emon,nwdFracLut,571,770
Amon,clw,591,610
Oyr,fgco2,571,770
Eday,mrsll,616,620
Emon,orog,571,770
Oyr,fgco2nat,571,770
Omon,agessc,711,720
Emon,rls,571,770
Amon,clw,611,630
Eday,mrsll,621,625
Emon,rss,571,770
Emon,treeFracBdlDcd,571,770
Amon,clw,631,650
Eday,mrsll,626,630
Emon,treeFracBdlEvg,571,770
day,huss,721,770
Oyr,no3,571,670
Omon,agessc,721,730
Emon,treeFracNdlDcd,571,770
Amon,clw,651,670
Eday,mrsll,631,635
Emon,treeFracNdlEvg,571,770
Emon,vegFrac,571,770
day,mrso,571,620
Eday,mrsll,636,640
Oyr,no3,671,770
Amon,clw,671,690
Emon,vegHeight,571,770
Omon,agessc,731,740
Emon,wetlandFrac,571,770
Eday,mrsll,641,645
Oyr,o2,571,670
Eday,mrsll,646,650
Amon,clw,691,710
day,mrso,621,670
Oyr,o2,671,770
Eday,mrsll,651,655
Omon,agessc,741,750
Amon,clw,711,730
day,mrso,671,720
Eday,mrsll,656,660
Oyr,po4,571,670
Amon,clw,731,750
day,mrso,721,770
Omon,agessc,751,760
Eday,mrsll,661,665
Amon,clw,751,770
day,mrsos,571,620
Oyr,po4,671,770
Eday,mrsll,666,670
Omon,agessc,761,770
Eday,mrsll,671,675
day,mrsos,621,670
Eday,mrsll,676,680
Amon,co2,571,670
Oyr,talk,571,670
Omon,arag,571,580
day,mrsos,671,720
Oyr,talk,671,770
Eday,mrsll,681,685
day,mrsos,721,770
Omon,arag,581,590
Eday,mrsll,686,690
Amon,co2,671,770
Eday,mrsll,691,695
Amon,evspsbl,571,770
Omon,arag,591,600
Eday,mrsll,696,700
Amon,hfls,571,770
Eday,mrsll,701,705
day,pr,571,620
Amon,hfss,571,770
Eday,mrsll,706,710
Omon,arag,601,610
Eday,mrsll,711,715
Eday,mrsll,716,720
day,pr,621,670
Amon,hur,571,670
Omon,arag,611,620
Eday,mrsll,721,725
Eday,mrsll,726,730
day,pr,671,720
Eday,mrsll,731,735
Omon,arag,621,630
Amon,hur,671,770
Eday,mrsll,736,740
Eday,mrsll,741,745
Omon,arag,631,640
Eday,mrsll,746,750
Amon,hurs,571,770
Eday,mrsll,751,755
Eday,mrsll,756,760
Omon,arag,641,650
day,pr,721,770
Eday,mrsll,761,765
Amon,hus,571,670
Eday,mrsll,766,770
Omon,arag,651,660
day,psl,571,620
Eday,mrsol,571,575
Eday,mrsol,576,580
Omon,arag,661,670
Amon,hus,671,770
day,psl,621,670
Amon,huss,571,770
Eday,mrsol,581,585
Amon,pfull,571,770
Amon,phalf,571,770
Eday,mrsol,586,590
Amon,pr,571,770
Omon,arag,671,680
day,psl,671,720
Eday,mrsol,591,595
Amon,prc,571,770
Eday,mrsol,596,600
Amon,prsn,571,770
Omon,arag,681,690
Amon,prw,571,770
Eday,mrsol,601,605
day,psl,721,770
Amon,ps,571,770
Eday,mrsol,606,610
Amon,psl,571,770
Omon,arag,691,700
Eday,mrsol,611,615
Amon,rlds,571,770
day,sfcWind,571,620
Omon,arag,701,710
Eday,mrsol,616,620
Amon,rldscs,571,770
Eday,mrsol,621,625
Amon,rlus,571,770
Omon,arag,711,720
day,sfcWind,621,670
Eday,mrsol,626,630
Amon,rlut,571,770
Eday,mrsol,631,635
Amon,rlutcs,571,770
Omon,arag,721,730
Eday,mrsol,636,640
Amon,rsds,571,770
day,sfcWind,671,720
Eday,mrsol,641,645
Amon,rsdscs,571,770
Amon,rsdt,571,770
Omon,arag,731,740
Eday,mrsol,646,650
Eday,mrsol,651,655
Omon,arag,741,750
Amon,rsus,571,770
Eday,mrsol,656,660
Amon,rsuscs,571,770
Eday,mrsol,661,665
Amon,rsut,571,770
Omon,arag,751,760
day,sfcWind,721,770
Eday,mrsol,666,670
Amon,rsutcs,571,770
Eday,mrsol,671,675
Amon,rtmt,571,770
Eday,mrsol,676,680
Amon,sbl,571,770
Omon,arag,761,770
day,tas,571,620
Amon,sci,571,770
Eday,mrsol,681,685
Omon,chl,571,580
day,tas,621,670
Amon,sfcWind,571,770
Eday,mrsol,686,690
Eday,mrsol,691,695
Omon,chl,581,590
Eday,mrsol,696,700
day,tas,671,720
Eday,mrsol,701,705
Amon,ta,571,670
Omon,chl,591,600
Eday,mrsol,706,710
day,tas,721,770
Eday,mrsol,711,715
day,tasmax,571,620
Eday,mrsol,716,720
Omon,chl,601,610
Eday,mrsol,721,725
Amon,ta,671,770
Amon,tas,571,770
Eday,mrsol,726,730
Amon,tasmax,571,770
Omon,chl,611,620
day,tasmax,621,670
Eday,mrsol,731,735
Amon,tasmin,571,770
Eday,mrsol,736,740
Amon,tauu,571,770
Omon,chl,621,630
Eday,mrsol,741,745
Amon,tauv,571,770
day,tasmax,671,720
Eday,mrsol,746,750
Amon,ts,571,770
Eday,mrsol,751,755
Eday,mrsol,756,760
Eday,mrsol,761,765
Omon,chl,631,640
Eday,mrsol,766,770
day,tasmax,721,770
Amon,ua,571,670
Omon,chl,641,650
day,tasmin,571,620
Omon,chl,651,660
day,tasmin,621,670
Omon,chl,661,670
Amon,ua,671,770
Omon,chl,671,680
day,tasmin,671,720
Amon,uas,571,770
Omon,chl,681,690
day,tasmin,721,770
Omon,chl,691,700
Amon,va,571,670
Omon,chl,701,710
Omon,chl,711,720
Amon,va,671,770
Amon,vas,571,770
Omon,chl,721,730
Omon,chl,731,740
Amon,wap,571,670
Omon,chl,741,750
Amon,wap,671,770
Omon,chl,751,760
Omon,chl,761,770
Amon,zg,571,670
Omon,chlos,571,770
Omon,detoc,571,580
Amon,zg,671,770
Omon,detoc,581,590
Omon,detoc,591,600
Omon,detoc,601,610
Omon,detoc,611,620
Omon,detoc,621,630
Omon,detoc,631,640
Omon,detoc,641,650
Omon,detoc,651,660
Omon,detoc,661,670
Omon,detoc,671,680
Omon,detoc,681,690
Omon,detoc,691,700
Omon,detoc,701,710
Omon,detoc,711,720
Omon,detoc,721,730
Omon,detoc,731,740
Omon,detoc,741,750
Omon,detoc,751,760
Omon,detoc,761,770
Omon,dfeos,571,770
Omon,dissic,571,580
Omon,dissic,581,590
Omon,dissic,591,600
Omon,dissic,601,610
Omon,dissic,611,620
Omon,dissic,621,630
Omon,dissic,631,640
Omon,dissic,641,650
Omon,dissic,651,660
Omon,dissic,661,670
Omon,dissic,671,680
Omon,dissic,681,690
Omon,dissic,691,700
Omon,dissic,701,710
Omon,dissic,711,720
Omon,dissic,721,730
Omon,dissic,731,740
Omon,dissic,741,750
Omon,dissic,751,760
Omon,dissic,761,770
Omon,dissicnatos,571,770
Omon,dissicos,571,770
Omon,eparag100,571,770
Omon,epc100,571,770
Omon,evs,571,770
Omon,fgco2,571,770
Omon,fgco2nat,571,770
Omon,fgo2,571,770
Omon,friver,571,770
Omon,fsitherm,571,770
Omon,hfbasinpmadv,571,770
Omon,hfds,571,770
Omon,hfevapds,571,770
Omon,hflso,571,770
Omon,hfrainds,571,770
Omon,hfsifrazil2d,571,770
Omon,hfsso,571,770
Omon,htovgyre,571,770
Omon,htovovrt,571,770
Omon,intpp,571,770
Omon,masscello,571,580
Omon,masscello,581,590
Omon,masscello,591,600
Omon,masscello,601,610
Omon,masscello,611,620
Omon,masscello,621,630
Omon,masscello,631,640
Omon,masscello,641,650
Omon,masscello,651,660
Omon,masscello,661,670
Omon,masscello,671,680
Omon,masscello,681,690
Omon,masscello,691,700
Omon,masscello,701,710
Omon,masscello,711,720
Omon,masscello,721,730
Omon,masscello,731,740
Omon,masscello,741,750
Omon,masscello,751,760
Omon,masscello,761,770
Omon,masso,571,770
Omon,mfo,571,770
Omon,mlotst,571,770
Omon,msftbarot,571,770
Omon,msftmrho,571,770
Omon,msftmz,571,580
Omon,msftmz,581,590
Omon,msftmz,591,600
Omon,msftmz,601,610
Omon,msftmz,611,620
Omon,msftmz,621,630
Omon,msftmz,631,640
Omon,msftmz,641,650
Omon,msftmz,651,660
Omon,msftmz,661,670
Omon,msftmz,671,680
Omon,msftmz,681,690
Omon,msftmz,691,700
Omon,msftmz,701,710
Omon,msftmz,711,720
Omon,msftmz,721,730
Omon,msftmz,731,740
Omon,msftmz,741,750
Omon,msftmz,751,760
Omon,msftmz,761,770
Omon,msftyrho,571,770
Omon,msftyz,571,580
Omon,msftyz,581,590
Omon,msftyz,591,600
Omon,msftyz,601,610
Omon,msftyz,611,620
Omon,msftyz,621,630
Omon,msftyz,631,640
Omon,msftyz,641,650
Omon,msftyz,651,660
Omon,msftyz,661,670
Omon,msftyz,671,680
Omon,msftyz,681,690
Omon,msftyz,691,700
Omon,msftyz,701,710
Omon,msftyz,711,720
Omon,msftyz,721,730
Omon,msftyz,731,740
Omon,msftyz,741,750
Omon,msftyz,751,760
Omon,msftyz,761,770
Omon,no3,571,580
Omon,no3,581,590
Omon,no3,591,600
Omon,no3,601,610
Omon,no3,611,620
Omon,no3,621,630
Omon,no3,631,640
Omon,no3,641,650
Omon,no3,651,660
Omon,no3,661,670
Omon,no3,671,680
Omon,no3,681,690
Omon,no3,691,700
Omon,no3,701,710
Omon,no3,711,720
Omon,no3,721,730
Omon,no3,731,740
Omon,no3,741,750
Omon,no3,751,760
Omon,no3,761,770
Omon,no3os,571,770
Omon,o2,571,580
Omon,o2,581,590
Omon,o2,591,600
Omon,o2,601,610
Omon,o2,611,620
Omon,o2,621,630
Omon,o2,631,640
Omon,o2,641,650
Omon,o2,651,660
Omon,o2,661,670
Omon,o2,671,680
Omon,o2,681,690
Omon,o2,691,700
Omon,o2,701,710
Omon,o2,711,720
Omon,o2,721,730
Omon,o2,731,740
Omon,o2,741,750
Omon,o2,751,760
Omon,o2,761,770
Omon,o2os,571,770
Omon,obvfsq,571,580
Omon,obvfsq,581,590
Omon,obvfsq,591,600
Omon,obvfsq,601,610
Omon,obvfsq,611,620
Omon,obvfsq,621,630
Omon,obvfsq,631,640
Omon,obvfsq,641,650
Omon,obvfsq,651,660
Omon,obvfsq,661,670
Omon,obvfsq,671,680
Omon,obvfsq,681,690
Omon,obvfsq,691,700
Omon,obvfsq,701,710
Omon,obvfsq,711,720
Omon,obvfsq,721,730
Omon,obvfsq,731,740
Omon,obvfsq,741,750
Omon,obvfsq,751,760
Omon,obvfsq,761,770
Omon,pbo,571,770
Omon,phycos,571,770
Omon,phynos,571,770
Omon,po4,571,580
Omon,po4,581,590
Omon,po4,591,600
Omon,po4,601,610
Omon,po4,611,620
Omon,po4,621,630
Omon,po4,631,640
Omon,po4,641,650
Omon,po4,651,660
Omon,po4,661,670
Omon,po4,671,680
Omon,po4,681,690
Omon,po4,691,700
Omon,po4,701,710
Omon,po4,711,720
Omon,po4,721,730
Omon,po4,731,740
Omon,po4,741,750
Omon,po4,751,760
Omon,po4,761,770
Omon,po4os,571,770
Omon,prra,571,770
Omon,prsn,571,770
Omon,pso,571,770
Omon,rlntds,571,770
Omon,rsntds,571,770
Omon,sfriver,571,770
Omon,sltovgyre,571,770
Omon,sltovovrt,571,770
Omon,so,571,580
Omon,so,581,590
Omon,so,591,600
Omon,so,601,610
Omon,so,611,620
Omon,so,621,630
Omon,so,631,640
Omon,so,641,650
Omon,so,651,660
Omon,so,661,670
Omon,so,671,680
Omon,so,681,690
Omon,so,691,700
Omon,so,701,710
Omon,so,711,720
Omon,so,721,730
Omon,so,731,740
Omon,so,741,750
Omon,so,751,760
Omon,so,761,770
Omon,sob,571,770
Omon,soga,571,770
Omon,sos,571,770
Omon,sosga,571,770
Omon,spco2,571,770
Omon,spco2nat,571,770
Omon,talk,571,580
Omon,talk,581,590
Omon,talk,591,600
Omon,talk,601,610
Omon,talk,611,620
Omon,talk,621,630
Omon,talk,631,640
Omon,talk,641,650
Omon,talk,651,660
Omon,talk,661,670
Omon,talk,671,680
Omon,talk,681,690
Omon,talk,691,700
Omon,talk,701,710
Omon,talk,711,720
Omon,talk,721,730
Omon,talk,731,740
Omon,talk,741,750
Omon,talk,751,760
Omon,talk,761,770
Omon,talkos,571,770
Omon,tauuo,571,770
Omon,tauvo,571,770
Omon,thetao,571,580
Omon,thetao,581,590
Omon,thetao,591,600
Omon,thetao,601,610
Omon,thetao,611,620
Omon,thetao,621,630
Omon,thetao,631,640
Omon,thetao,641,650
Omon,thetao,651,660
Omon,thetao,661,670
Omon,thetao,671,680
Omon,thetao,681,690
Omon,thetao,691,700
Omon,thetao,701,710
Omon,thetao,711,720
Omon,thetao,721,730
Omon,thetao,731,740
Omon,thetao,741,750
Omon,thetao,751,760
Omon,thetao,761,770
Omon,thetaoga,571,770
Omon,tos,571,770
Omon,tosga,571,770
Omon,umo,571,580
Omon,umo,581,590
Omon,umo,591,600
Omon,umo,601,610
Omon,umo,611,620
Omon,umo,621,630
Omon,umo,631,640
Omon,umo,641,650
Omon,umo,651,660
Omon,umo,661,670
Omon,umo,671,680
Omon,umo,681,690
Omon,umo,691,700
Omon,umo,701,710
Omon,umo,711,720
Omon,umo,721,730
Omon,umo,731,740
Omon,umo,741,750
Omon,umo,751,760
Omon,umo,761,770
Omon,uo,571,580
Omon,uo,581,590
Omon,uo,591,600
Omon,uo,601,610
Omon,uo,611,620
Omon,uo,621,630
Omon,uo,631,640
Omon,uo,641,650
Omon,uo,651,660
Omon,uo,661,670
Omon,uo,671,680
Omon,uo,681,690
Omon,uo,691,700
Omon,uo,701,710
Omon,uo,711,720
Omon,uo,721,730
Omon,uo,731,740
Omon,uo,741,750
Omon,uo,751,760
Omon,uo,761,770
Omon,vmo,571,580
Omon,vmo,581,590
Omon,vmo,591,600
Omon,vmo,601,610
Omon,vmo,611,620
Omon,vmo,621,630
Omon,vmo,631,640
Omon,vmo,641,650
Omon,vmo,651,660
Omon,vmo,661,670
Omon,vmo,671,680
Omon,vmo,681,690
Omon,vmo,691,700
Omon,vmo,701,710
Omon,vmo,711,720
Omon,vmo,721,730
Omon,vmo,731,740
Omon,vmo,741,750
Omon,vmo,751,760
Omon,vmo,761,770
Omon,vo,571,580
Omon,vo,581,590
Omon,vo,591,600
Omon,vo,601,610
Omon,vo,611,620
Omon,vo,621,630
Omon,vo,631,640
Omon,vo,641,650
Omon,vo,651,660
Omon,vo,661,670
Omon,vo,671,680
Omon,vo,681,690
Omon,vo,691,700
Omon,vo,701,710
Omon,vo,711,720
Omon,vo,721,730
Omon,vo,731,740
Omon,vo,741,750
Omon,vo,751,760
Omon,vo,761,770
Omon,volcello,571,580
Omon,volcello,581,590
Omon,volcello,591,600
Omon,volcello,601,610
Omon,volcello,611,620
Omon,volcello,621,630
Omon,volcello,631,640
Omon,volcello,641,650
Omon,volcello,651,660
Omon,volcello,661,670
Omon,volcello,671,680
Omon,volcello,681,690
Omon,volcello,691,700
Omon,volcello,701,710
Omon,volcello,711,720
Omon,volcello,721,730
Omon,volcello,731,740
Omon,volcello,741,750
Omon,volcello,751,760
Omon,volcello,761,770
Omon,volo,571,770
Omon,wfo,571,770
Omon,wmo,571,580
Omon,wmo,581,590
Omon,wmo,591,600
Omon,wmo,601,610
Omon,wmo,611,620
Omon,wmo,621,630
Omon,wmo,631,640
Omon,wmo,641,650
Omon,wmo,651,660
Omon,wmo,661,670
Omon,wmo,671,680
Omon,wmo,681,690
Omon,wmo,691,700
Omon,wmo,701,710
Omon,wmo,711,720
Omon,wmo,721,730
Omon,wmo,731,740
Omon,wmo,741,750
Omon,wmo,751,760
Omon,wmo,761,770
Omon,zos,571,770
Omon,zostoga,571,770
Emon,fDeforestToProduct,456,485
Emon,fProductDecomp,456,485
Eday,lai,456,485
Emon,nProduct,456,485
Lmon,cProduct,456,485
day,clt,456,485
day,hfls,456,485
3hr,clt,456,465
day,hfss,456,485
3hr,clt,466,475
day,hur,456,460
day,hur,461,465
day,hur,466,470
3hr,clt,476,485
day,hur,471,475
day,hur,476,480
3hr,hfls,456,465
day,hur,481,485
day,hus,456,460
3hr,hfls,466,475
day,hus,461,465
day,hus,466,470
3hr,hfls,476,485
day,hus,471,475
day,hus,476,480
3hr,hfss,456,465
3hr,hfss,466,475
day,hus,481,485
day,mrro,456,485
day,prc,456,485
day,prsn,456,485
day,rlds,456,485
3hr,hfss,476,485
day,rlus,456,485
day,rlut,456,485
day,rsds,456,485
day,rsus,456,485
day,sfcWindmax,456,485
day,snw,456,485
3hr,huss,456,465
day,ta,456,460
day,ta,461,465
day,ta,466,470
3hr,huss,466,475
day,ta,471,475
day,ta,476,480
3hr,huss,476,485
day,ta,481,485
3hr,mrsos,456,465
day,ua,456,460
3hr,mrsos,466,475
3hr,mrsos,476,485
day,ua,461,465
day,ua,466,470
3hr,pr,456,465
3hr,pr,466,475
day,ua,471,475
day,ua,476,480
3hr,pr,476,485
3hr,prc,456,465
day,ua,481,485
3hr,prc,466,475
day,uas,456,485
3hr,prc,476,485
3hr,prsn,456,465
3hr,prsn,466,475
day,va,456,460
3hr,prsn,476,485
day,va,461,465
3hr,ps,456,465
day,va,466,470
day,va,471,475
3hr,ps,466,475
day,va,476,480
day,va,481,485
3hr,ps,476,485
day,vas,456,485
3hr,rlds,456,465
day,wap,456,460
3hr,rlds,466,475
day,wap,461,465
day,wap,466,470
3hr,rlds,476,485
day,wap,471,475
3hr,rldscs,456,465
day,wap,476,480
3hr,rldscs,466,475
day,wap,481,485
3hr,rldscs,476,485
3hr,rlus,456,465
3hr,rlus,466,475
3hr,rlus,476,485
3hr,rsds,456,465
3hr,rsds,466,475
3hr,rsds,476,485
3hr,rsdscs,456,465
3hr,rsdscs,466,475
3hr,rsdscs,476,485
3hr,rsus,456,465
3hr,rsus,466,475
3hr,rsus,476,485
3hr,rsuscs,456,465
3hr,rsuscs,466,475
3hr,rsuscs,476,485
3hr,tas,456,465
3hr,tas,466,475
3hr,tas,476,485
3hr,uas,456,465
3hr,uas,466,475
3hr,uas,476,485
3hr,vas,456,465
3hr,vas,466,475
3hr,vas,476,485
Omon,thetaoga,271,770
Omon,tob,271,770
SImon,siareaacrossline,271,770
SImon,siarean,271,770
SImon,siareas,271,770
SImon,sicompstren,271,770
SImon,siconc,271,770
SImon,siconca,271,770
SImon,sidivvel,271,770
SImon,sidmassevapsubl,271,770
SImon,sidmasstranx,271,770
SImon,sidmasstrany,271,770
SImon,siextentn,271,770
SImon,siextents,271,770
SImon,siflfwbot,271,770
SImon,sifllatstop,271,770
SImon,siflsensupbot,271,770
SImon,simass,271,770
SImon,simassacrossline,271,770
SImon,sipr,271,770
SImon,sisnconc,271,770
SImon,sisnmass,271,770
SImon,sisnthick,271,770
SImon,sispeed,271,770
SImon,sistrxdtop,271,770
SImon,sistrxubot,271,770
SImon,sistrydtop,271,770
SImon,sistryubot,271,770
SImon,sithick,271,770
SImon,siu,271,770
SImon,siv,271,770
SImon,sivol,271,770
SImon,sivoln,271,770
SImon,sivols,271,770
SImon,sndmasssnf,271,770
SImon,snmassacrossline,271,770
