AERmon,od440aer,2015,2100
fx,areacella,2015,2100
AERmon,od550aer,2015,2100
Eyr,baresoilFrac,2015,2100
fx,orog,2015,2100
LImon,sftgif,2015,2100
Eyr,cropFrac,2015,2100
fx,sftgif,2015,2100
Emon,cLand,2015,2100
LImon,snm,2015,2100
Eyr,fracLut,2015,2100
fx,sftlf,2015,2100
Eyr,grassFrac,2015,2100
fx,zfull,2015,2100
Emon,cSoil,2015,2100
LImon,snw,2015,2100
Eday,lai,2015,2064
Eyr,shrubFrac,2015,2100
Amon,cl,2015,2034
Emon,cWood,2015,2100
Eyr,treeFrac,2015,2100
Emon,cropFracC3,2015,2100
Eyr,vegFrac,2015,2100
Emon,fBNF,2015,2100
Emon,fDeforestToProduct,2015,2100
Lmon,baresoilFrac,2015,2100
Emon,fNdep,2015,2100
Amon,cl,2035,2054
Lmon,c3PftFrac,2015,2100
Emon,fNgas,2015,2100
Eday,lai,2065,2100
Lmon,c4PftFrac,2015,2100
Emon,fNleach,2015,2100
Amon,cl,2055,2074
Lmon,cCwd,2015,2100
Emon,fNloss,2015,2100
Eday,mrsfl,2015,2019
Emon,fNnetmin,2015,2100
Lmon,cLeaf,2015,2100
Emon,fNup,2015,2100
Ofx,areacello,2015,2100
Lmon,cLitter,2015,2100
Emon,fProductDecomp,2015,2100
Ofx,basin,2015,2100
Lmon,cProduct,2015,2100
Ofx,deptho,2015,2100
Ofx,masscello,2015,2100
Emon,fracLut,2015,2100
Eday,mrsfl,2020,2024
Lmon,cRoot,2015,2100
Ofx,sftof,2015,2100
Emon,grassFracC3,2015,2100
Ofx,thkcello,2015,2100
Emon,grassFracC4,2015,2100
Eday,mrsfl,2025,2029
Oday,tos,2015,2024
Lmon,cSoilFast,2015,2100
Ofx,volcello,2015,2100
Eday,mrsfl,2030,2034
Lmon,cSoilMedium,2015,2100
Emon,intuaw,2015,2100
Lmon,cSoilSlow,2015,2100
Lmon,cVeg,2015,2100
Emon,intvaw,2015,2100
Lmon,cropFrac,2015,2100
Eday,mrsfl,2035,2039
Emon,mrlso,2015,2100
Lmon,evspsblsoi,2015,2100
Emon,mrsfl,2015,2100
Eday,mrsfl,2040,2044
Lmon,gpp,2015,2100
day,clt,2015,2064
Oday,tos,2025,2034
Lmon,grassFrac,2015,2100
Omon,agessc,2015,2024
Lmon,lai,2015,2100
Emon,mrsll,2015,2100
Lmon,landCoverFrac,2015,2100
Eday,mrsfl,2045,2049
Lmon,mrfso,2015,2100
Emon,mrsol,2015,2100
Amon,cl,2075,2094
Emon,nLand,2015,2100
Lmon,mrro,2015,2100
Eday,mrsfl,2050,2054
Lmon,mrros,2015,2100
Emon,nLitter,2015,2100
Emon,nMineral,2015,2100
Eday,mrsfl,2055,2059
Lmon,mrso,2015,2100
Amon,cl,2095,2100
Emon,nProduct,2015,2100
Lmon,mrsos,2015,2100
Emon,nSoil,2015,2100
Lmon,nbp,2015,2100
Eday,mrsfl,2060,2064
Emon,nVeg,2015,2100
Lmon,npp,2015,2100
Oday,tos,2035,2044
Emon,nep,2015,2100
Lmon,ra,2015,2100
Eday,mrsfl,2065,2069
Lmon,residualFrac,2015,2100
Emon,nwdFracLut,2015,2100
Lmon,rh,2015,2100
Oyr,arag,2015,2100
Eday,mrsfl,2070,2074
Lmon,shrubFrac,2015,2100
Amon,cli,2015,2034
Lmon,treeFrac,2015,2100
Emon,rls,2015,2100
Eday,mrsfl,2075,2079
Emon,rss,2015,2100
Emon,treeFracBdlDcd,2015,2100
Emon,treeFracBdlEvg,2015,2100
Oyr,chl,2015,2100
day,clt,2065,2100
Emon,treeFracNdlDcd,2015,2100
Eday,mrsfl,2080,2084
Emon,treeFracNdlEvg,2015,2100
Lmon,tsl,2015,2100
Eday,mrsfl,2085,2089
Emon,vegFrac,2015,2100
Emon,vegHeight,2015,2100
Omon,agessc,2025,2034
Eday,mrsfl,2090,2094
Emon,wetlandFrac,2015,2100
Eday,mrsfl,2095,2099
Amon,cli,2035,2054
Eday,mrsfl,2100,2100
Oyr,detoc,2015,2100
Omon,agessc,2035,2044
Eday,mrsll,2015,2019
day,hfls,2015,2064
Oday,tos,2045,2054
Amon,cli,2055,2074
Oyr,dfe,2015,2100
Eday,mrsll,2020,2024
day,hfls,2065,2100
Oday,tos,2055,2064
Omon,agessc,2045,2054
Amon,cli,2075,2094
Eday,mrsll,2025,2029
Amon,cli,2095,2100
Oday,tos,2065,2074
Amon,clivi,2015,2100
Oyr,dissic,2015,2100
Amon,clt,2015,2100
Eday,mrsll,2030,2034
Eday,mrsll,2035,2039
Omon,agessc,2055,2064
Oyr,dissicnat,2015,2100
Omon,agessc,2065,2074
Eday,mrsll,2040,2044
Oday,tos,2075,2084
day,hfss,2015,2064
Amon,clw,2015,2034
Eday,mrsll,2045,2049
Amon,clw,2035,2054
Omon,agessc,2075,2084
Oyr,no3,2015,2100
Oday,tos,2085,2094
day,hfss,2065,2100
Eday,mrsll,2050,2054
Omon,agessc,2085,2094
Amon,clw,2055,2074
Oyr,o2,2015,2100
Eday,mrsll,2055,2059
Omon,agessc,2095,2100
Oday,tos,2095,2100
Eday,mrsll,2060,2064
SImon,siareaacrossline,2015,2100
Amon,clw,2075,2094
SImon,siarean,2015,2100
SImon,siareas,2015,2100
Amon,clw,2095,2100
Eday,mrsll,2065,2069
Oyr,po4,2015,2100
SImon,sicompstren,2015,2100
Amon,evspsbl,2015,2100
SImon,siconc,2015,2100
SImon,siconca,2015,2100
Amon,hfls,2015,2100
Eday,mrsll,2070,2074
SImon,sidivvel,2015,2100
Amon,hfss,2015,2100
SImon,sidmassevapsubl,2015,2100
Omon,arag,2015,2024
Oyr,talk,2015,2100
SImon,sidmasstranx,2015,2100
day,hur,2015,2019
SImon,sidmasstrany,2015,2100
SImon,siextentn,2015,2100
SImon,siextents,2015,2100
SImon,siflfwbot,2015,2100
SImon,sifllatstop,2015,2100
Eday,mrsll,2075,2079
SImon,siflsensupbot,2015,2100
Amon,hur,2015,2100
SImon,simass,2015,2100
SImon,simassacrossline,2015,2100
SImon,sipr,2015,2100
Amon,hurs,2015,2100
Eday,mrsll,2080,2084
SImon,sisnconc,2015,2100
SImon,sisnmass,2015,2100
day,hur,2020,2024
SImon,sisnthick,2015,2100
SImon,sispeed,2015,2100
SImon,sistrxdtop,2015,2100
Eday,mrsll,2085,2089
SImon,sistrxubot,2015,2100
SImon,sistrydtop,2015,2100
Amon,hus,2015,2100
SImon,sistryubot,2015,2100
Omon,arag,2025,2034
Eday,mrsll,2090,2094
Amon,huss,2015,2100
SImon,sithick,2015,2100
Amon,pfull,2015,2100
SImon,siu,2015,2100
Amon,phalf,2015,2100
SImon,siv,2015,2100
Amon,pr,2015,2100
SImon,sivol,2015,2100
SImon,sivoln,2015,2100
Eday,mrsll,2095,2099
SImon,sivols,2015,2100
Amon,prc,2015,2100
Eday,mrsll,2100,2100
Omon,arag,2035,2044
SImon,sndmasssnf,2015,2100
Amon,prsn,2015,2100
SImon,snmassacrossline,2015,2100
day,hur,2025,2029
Amon,prw,2015,2100
Eday,mrsol,2015,2019
Omon,arag,2045,2054
Amon,ps,2015,2100
Amon,psl,2015,2100
Amon,rlds,2015,2100
Amon,rldscs,2015,2100
day,hur,2030,2034
Eday,mrsol,2020,2024
Amon,rlus,2015,2100
Amon,rlut,2015,2100
Eday,mrsol,2025,2029
Amon,rlutcs,2015,2100
Amon,rsds,2015,2100
Eday,mrsol,2030,2034
Amon,rsdscs,2015,2100
Omon,arag,2055,2064
Amon,rsdt,2015,2100
Amon,rsus,2015,2100
Eday,mrsol,2035,2039
day,hur,2035,2039
Amon,rsuscs,2015,2100
Amon,rsut,2015,2100
Amon,rsutcs,2015,2100
Eday,mrsol,2040,2044
day,hur,2040,2044
Omon,arag,2065,2074
Amon,rtmt,2015,2100
Amon,sbl,2015,2100
Eday,mrsol,2045,2049
Amon,sci,2015,2100
Eday,mrsol,2050,2054
Amon,sfcWind,2015,2100
Eday,mrsol,2055,2059
Omon,arag,2075,2084
Amon,ta,2015,2100
day,hur,2045,2049
Eday,mrsol,2060,2064
Amon,tas,2015,2100
Eday,mrsol,2065,2069
Amon,tasmax,2015,2100
Amon,tasmin,2015,2100
Eday,mrsol,2070,2074
Amon,tauu,2015,2100
Amon,tauv,2015,2100
Eday,mrsol,2075,2079
Amon,ts,2015,2100
Omon,arag,2085,2094
Eday,mrsol,2080,2084
Omon,arag,2095,2100
day,hur,2050,2054
Amon,ua,2015,2100
Eday,mrsol,2085,2089
Amon,uas,2015,2100
day,hur,2055,2059
Eday,mrsol,2090,2094
Amon,va,2015,2100
day,hur,2060,2064
Eday,mrsol,2095,2099
Amon,vas,2015,2100
Eday,mrsol,2100,2100
Omon,chl,2015,2024
Amon,wap,2015,2100
Omon,chl,2025,2034
day,hur,2065,2069
Omon,chl,2035,2044
Amon,zg,2015,2100
Omon,chl,2045,2054
Omon,chl,2055,2064
day,hur,2070,2074
Omon,chl,2065,2074
day,hur,2075,2079
Omon,chl,2075,2084
day,hur,2080,2084
day,hur,2085,2089
Omon,chl,2085,2094
Omon,chl,2095,2100
Omon,chlos,2015,2100
day,hur,2090,2094
day,hur,2095,2099
day,hur,2100,2100
Omon,detoc,2015,2024
Omon,detoc,2025,2034
day,hurs,2015,2064
day,hurs,2065,2100
Omon,detoc,2035,2044
day,hursmax,2015,2064
Omon,detoc,2045,2054
day,hursmax,2065,2100
Omon,detoc,2055,2064
Omon,detoc,2065,2074
day,hursmin,2015,2064
Omon,detoc,2075,2084
day,hursmin,2065,2100
Omon,detoc,2085,2094
day,hus,2015,2019
Omon,detoc,2095,2100
day,hus,2020,2024
Omon,dfe,2015,2024
day,hus,2025,2029
Omon,dfe,2025,2034
day,hus,2030,2034
Omon,dfe,2035,2044
day,hus,2035,2039
day,hus,2040,2044
Omon,dfe,2045,2054
Omon,dfe,2055,2064
day,hus,2045,2049
Omon,dfe,2065,2074
Omon,dfe,2075,2084
day,hus,2050,2054
Omon,dfe,2085,2094
day,hus,2055,2059
Omon,dfe,2095,2100
Omon,dfeos,2015,2100
day,hus,2060,2064
Omon,dissic,2015,2024
day,hus,2065,2069
Omon,dissic,2025,2034
day,hus,2070,2074
Omon,dissic,2035,2044
Omon,dissic,2045,2054
day,hus,2075,2079
Omon,dissic,2055,2064
day,hus,2080,2084
Omon,dissic,2065,2074
Omon,dissic,2075,2084
day,hus,2085,2089
Omon,dissic,2085,2094
day,hus,2090,2094
Omon,dissic,2095,2100
Omon,eparag100,2015,2100
Omon,epc100,2015,2100
day,hus,2095,2099
Omon,evs,2015,2100
day,hus,2100,2100
Omon,fgco2,2015,2100
Omon,fgco2nat,2015,2100
day,huss,2015,2064
Omon,fgo2,2015,2100
Omon,friver,2015,2100
Omon,fsitherm,2015,2100
day,huss,2065,2100
Omon,hfds,2015,2100
Omon,hfevapds,2015,2100
day,mrro,2015,2064
day,mrro,2065,2100
Omon,hflso,2015,2100
Omon,hfrainds,2015,2100
day,mrso,2015,2064
Omon,hfsifrazil2d,2015,2100
Omon,hfsso,2015,2100
Omon,htovgyre,2015,2100
Omon,htovovrt,2015,2100
day,mrso,2065,2100
Omon,intpp,2015,2100
day,mrsos,2015,2064
day,mrsos,2065,2100
Omon,masscello,2015,2024
Omon,masscello,2025,2034
day,pr,2015,2064
Omon,masscello,2035,2044
day,pr,2065,2100
Omon,masscello,2045,2054
day,prc,2015,2064
Omon,masscello,2055,2064
day,prc,2065,2100
Omon,masscello,2065,2074
Omon,masscello,2075,2084
day,prsn,2015,2064
Omon,masscello,2085,2094
day,prsn,2065,2100
Omon,masscello,2095,2100
Omon,masso,2015,2100
Omon,mfo,2015,2100
day,psl,2015,2064
Omon,mlotst,2015,2100
Omon,msftbarot,2015,2100
Omon,msftmrho,2015,2100
Omon,msftmz,2015,2024
day,psl,2065,2100
Omon,msftmz,2025,2034
Omon,msftmz,2035,2044
Omon,msftmz,2045,2054
Omon,msftmz,2055,2064
Omon,msftmz,2065,2074
Omon,msftmz,2075,2084
Omon,msftmz,2085,2094
Omon,msftmz,2095,2100
Omon,no3,2015,2024
day,rlds,2015,2064
Omon,no3,2025,2034
day,rlds,2065,2100
Omon,no3,2035,2044
day,rlus,2015,2064
Omon,no3,2045,2054
Omon,no3,2055,2064
day,rlus,2065,2100
Omon,no3,2065,2074
day,rlut,2015,2064
Omon,no3,2075,2084
Omon,no3,2085,2094
day,rlut,2065,2100
Omon,no3,2095,2100
Omon,no3os,2015,2100
day,rsds,2015,2064
Omon,o2,2015,2024
Omon,o2,2025,2034
Omon,o2,2035,2044
day,rsds,2065,2100
day,rsus,2015,2064
Omon,o2,2045,2054
day,rsus,2065,2100
day,sfcWind,2015,2064
Omon,o2,2055,2064
day,sfcWind,2065,2100
Omon,o2,2065,2074
day,sfcWindmax,2015,2064
Omon,o2,2075,2084
day,sfcWindmax,2065,2100
day,snw,2015,2064
day,snw,2065,2100
Omon,o2,2085,2094
Omon,o2,2095,2100
day,ta,2015,2019
Omon,o2os,2015,2100
Omon,pbo,2015,2100
day,ta,2020,2024
Omon,phycos,2015,2100
day,ta,2025,2029
Omon,po4,2015,2024
Omon,po4,2025,2034
day,ta,2030,2034
Omon,po4,2035,2044
day,ta,2035,2039
Omon,po4,2045,2054
day,ta,2040,2044
Omon,po4,2055,2064
day,ta,2045,2049
Omon,po4,2065,2074
day,ta,2050,2054
Omon,po4,2075,2084
Omon,po4,2085,2094
day,ta,2055,2059
Omon,po4,2095,2100
day,ta,2060,2064
Omon,prra,2015,2100
Omon,prsn,2015,2100
day,ta,2065,2069
Omon,pso,2015,2100
Omon,rlntds,2015,2100
Omon,rsntds,2015,2100
Omon,sfriver,2015,2100
Omon,sltovgyre,2015,2100
Omon,sltovovrt,2015,2100
day,ta,2070,2074
day,ta,2075,2079
Omon,so,2015,2024
day,ta,2080,2084
Omon,so,2025,2034
Omon,so,2035,2044
day,ta,2085,2089
Omon,so,2045,2054
day,ta,2090,2094
Omon,so,2055,2064
day,ta,2095,2099
Omon,so,2065,2074
day,ta,2100,2100
day,tas,2015,2064
Omon,so,2075,2084
day,tas,2065,2100
Omon,so,2085,2094
Omon,so,2095,2100
Omon,soga,2015,2100
day,tasmax,2015,2064
Omon,sos,2015,2100
Omon,spco2,2015,2100
day,tasmax,2065,2100
Omon,talk,2015,2024
day,tasmin,2015,2064
Omon,talk,2025,2034
day,tasmin,2065,2100
Omon,talk,2035,2044
day,ua,2015,2019
Omon,talk,2045,2054
Omon,talk,2055,2064
day,ua,2020,2024
day,ua,2025,2029
Omon,talk,2065,2074
day,ua,2030,2034
Omon,talk,2075,2084
Omon,talk,2085,2094
day,ua,2035,2039
Omon,talk,2095,2100
Omon,thetao,2015,2024
day,ua,2040,2044
Omon,thetao,2025,2034
day,ua,2045,2049
Omon,thetao,2035,2044
Omon,thetao,2045,2054
day,ua,2050,2054
Omon,thetao,2055,2064
day,ua,2055,2059
Omon,thetao,2065,2074
Omon,thetao,2075,2084
Omon,thetao,2085,2094
day,ua,2060,2064
Omon,thetao,2095,2100
Omon,thetaoga,2015,2100
day,ua,2065,2069
Omon,thkcello,2015,2024
day,ua,2070,2074
Omon,thkcello,2025,2034
Omon,thkcello,2035,2044
day,ua,2075,2079
Omon,thkcello,2045,2054
day,ua,2080,2084
Omon,thkcello,2055,2064
day,ua,2085,2089
Omon,thkcello,2065,2074
day,ua,2090,2094
Omon,thkcello,2075,2084
day,ua,2095,2099
day,ua,2100,2100
Omon,thkcello,2085,2094
Omon,thkcello,2095,2100
Omon,tob,2015,2100
Omon,tos,2015,2100
day,uas,2015,2064
Omon,tossq,2015,2100
Omon,umo,2015,2024
day,uas,2065,2100
Omon,umo,2025,2034
Omon,umo,2035,2044
day,va,2015,2019
Omon,umo,2045,2054
day,va,2020,2024
Omon,umo,2055,2064
Omon,umo,2065,2074
day,va,2025,2029
Omon,umo,2075,2084
day,va,2030,2034
Omon,umo,2085,2094
day,va,2035,2039
Omon,umo,2095,2100
day,va,2040,2044
Omon,uo,2015,2024
day,va,2045,2049
Omon,uo,2025,2034
day,va,2050,2054
Omon,uo,2035,2044
day,va,2055,2059
day,va,2060,2064
day,va,2065,2069
Omon,uo,2045,2054
day,va,2070,2074
Omon,uo,2055,2064
day,va,2075,2079
Omon,uo,2065,2074
Omon,uo,2075,2084
day,va,2080,2084
Omon,uo,2085,2094
day,va,2085,2089
Omon,uo,2095,2100
day,va,2090,2094
Omon,vmo,2015,2024
day,va,2095,2099
day,va,2100,2100
Omon,vmo,2025,2034
Omon,vmo,2035,2044
day,vas,2015,2064
Omon,vmo,2045,2054
Omon,vmo,2055,2064
day,vas,2065,2100
Omon,vmo,2065,2074
Omon,vmo,2075,2084
day,wap,2015,2019
Omon,vmo,2085,2094
day,wap,2020,2024
Omon,vmo,2095,2100
Omon,vo,2015,2024
day,wap,2025,2029
Omon,vo,2025,2034
day,wap,2030,2034
Omon,vo,2035,2044
day,wap,2035,2039
Omon,vo,2045,2054
Omon,vo,2055,2064
day,wap,2040,2044
day,wap,2045,2049
Omon,vo,2065,2074
day,wap,2050,2054
day,wap,2055,2059
Omon,vo,2075,2084
day,wap,2060,2064
Omon,vo,2085,2094
day,wap,2065,2069
Omon,vo,2095,2100
Omon,volo,2015,2100
Omon,wfo,2015,2100
day,wap,2070,2074
Omon,wmo,2015,2024
day,wap,2075,2079
Omon,wmo,2025,2034
day,wap,2080,2084
Omon,wmo,2035,2044
day,wap,2085,2089
Omon,wmo,2045,2054
day,wap,2090,2094
Omon,wmo,2055,2064
day,wap,2095,2099
Omon,wmo,2065,2074
day,wap,2100,2100
Omon,wmo,2075,2084
day,zg,2015,2019
Omon,wmo,2085,2094
Omon,wmo,2095,2100
day,zg,2020,2024
Omon,zos,2015,2100
Omon,zossq,2015,2100
Omon,zostoga,2015,2100
day,zg,2025,2029
day,zg,2030,2034
day,zg,2035,2039
day,zg,2040,2044
day,zg,2045,2049
day,zg,2050,2054
day,zg,2055,2059
day,zg,2060,2064
day,zg,2065,2069
day,zg,2070,2074
day,zg,2075,2079
day,zg,2080,2084
day,zg,2085,2089
day,zg,2090,2094
day,zg,2095,2099
day,zg,2100,2100
