AERmon,od440aer,2020,2050
Eday,lai,2020,2050
AERmon,od550aer,2020,2050
Amon,cl,2020,2039
Eday,mrsfl,2020,2024
Eday,mrsfl,2025,2029
day,clt,2020,2050
Eday,mrsfl,2030,2034
Amon,cl,2040,2050
Emon,cLand,2020,2050
Eday,mrsfl,2035,2039
Emon,cSoil,2020,2050
Emon,cWood,2020,2050
Emon,cropFracC3,2020,2050
Eday,mrsfl,2040,2044
Amon,cli,2020,2039
Emon,fBNF,2020,2050
day,hfls,2020,2050
Eday,mrsfl,2045,2049
Emon,fDeforestToProduct,2020,2050
Emon,fNdep,2020,2050
Amon,cli,2040,2050
Eday,mrsfl,2050,2050
Emon,fNgas,2020,2050
Amon,clivi,2020,2050
Emon,fNleach,2020,2050
Amon,clt,2020,2050
Emon,fNloss,2020,2050
Eday,mrsll,2020,2024
Emon,fNnetmin,2020,2050
Emon,fNup,2020,2050
day,hfss,2020,2050
Emon,fProductDecomp,2020,2050
Eday,mrsll,2025,2029
Emon,grassFracC3,2020,2050
Amon,clw,2020,2039
Emon,grassFracC4,2020,2050
Amon,clw,2040,2050
Emon,intuaw,2020,2050
Amon,evspsbl,2020,2050
Emon,intvaw,2020,2050
Eday,mrsll,2030,2034
Amon,hfls,2020,2050
Emon,mrlso,2020,2050
Amon,hfss,2020,2050
Emon,mrsfl,2020,2050
Emon,mrsll,2020,2050
Eday,mrsll,2035,2039
Emon,mrsol,2020,2050
Amon,hur,2020,2050
Emon,nLand,2020,2050
Emon,nLitter,2020,2050
Amon,hurs,2020,2050
Eday,mrsll,2040,2044
day,hur,2020,2024
Emon,nMineral,2020,2050
Emon,nProduct,2020,2050
Emon,nSoil,2020,2050
Eday,mrsll,2045,2049
Amon,hus,2020,2050
Emon,nVeg,2020,2050
Eday,mrsll,2050,2050
Emon,nep,2020,2050
Amon,huss,2020,2050
Emon,rls,2020,2050
Amon,pfull,2020,2050
Emon,rss,2020,2050
Eday,mrsol,2020,2024
Amon,phalf,2020,2050
Emon,treeFracBdlDcd,2020,2050
Emon,treeFracBdlEvg,2020,2050
Amon,pr,2020,2050
Emon,treeFracNdlDcd,2020,2050
Emon,treeFracNdlEvg,2020,2050
Amon,prc,2020,2050
day,hur,2025,2029
Emon,vegFrac,2020,2050
Eday,mrsol,2025,2029
Amon,prsn,2020,2050
Emon,vegHeight,2020,2050
Amon,prw,2020,2050
Emon,wetlandFrac,2020,2050
Amon,ps,2020,2050
Eday,mrsol,2030,2034
Amon,psl,2020,2050
Eday,mrsol,2035,2039
Amon,rlds,2020,2050
day,hur,2030,2034
Amon,rldscs,2020,2050
Eday,mrsol,2040,2044
Amon,rlus,2020,2050
Amon,rlut,2020,2050
Eday,mrsol,2045,2049
Amon,rlutcs,2020,2050
Eday,mrsol,2050,2050
Amon,rsds,2020,2050
day,hur,2035,2039
Amon,rsdscs,2020,2050
Amon,rsdt,2020,2050
Amon,rsus,2020,2050
day,hur,2040,2044
Amon,rsuscs,2020,2050
Amon,rsut,2020,2050
Amon,rsutcs,2020,2050
Amon,rtmt,2020,2050
Amon,sbl,2020,2050
day,hur,2045,2049
Amon,sci,2020,2050
Amon,sfcWind,2020,2050
day,hur,2050,2050
Amon,ta,2020,2050
Amon,tas,2020,2050
day,hurs,2020,2050
Amon,tasmax,2020,2050
Amon,tasmin,2020,2050
Amon,tauu,2020,2050
day,hursmax,2020,2050
Amon,tauv,2020,2050
Amon,ts,2020,2050
day,hursmin,2020,2050
Amon,ua,2020,2050
Amon,uas,2020,2050
day,hus,2020,2024
Amon,va,2020,2050
Amon,vas,2020,2050
day,hus,2025,2029
Amon,wap,2020,2050
day,hus,2030,2034
Amon,zg,2020,2050
day,hus,2035,2039
day,hus,2040,2044
day,hus,2045,2049
day,hus,2050,2050
day,huss,2020,2050
day,mrro,2020,2050
day,mrso,2020,2050
day,mrsos,2020,2050
day,pr,2020,2050
Eyr,baresoilFrac,2020,2050
Eyr,cropFrac,2020,2050
day,prc,2020,2050
Eyr,grassFrac,2020,2050
Eyr,shrubFrac,2020,2050
Eyr,treeFrac,2020,2050
day,prsn,2020,2050
Eyr,vegFrac,2020,2050
day,psl,2020,2050
day,rlds,2020,2050
day,rlus,2020,2050
fx,areacella,2020,2050
fx,orog,2020,2050
fx,sftgif,2020,2050
day,rlut,2020,2050
fx,sftlf,2020,2050
fx,zfull,2020,2050
day,rsds,2020,2050
day,rsus,2020,2050
LImon,sftgif,2020,2050
LImon,snm,2020,2050
LImon,snw,2020,2050
day,sfcWind,2020,2050
day,sfcWindmax,2020,2050
day,snw,2020,2050
Lmon,baresoilFrac,2020,2050
Lmon,c3PftFrac,2020,2050
Lmon,c4PftFrac,2020,2050
day,ta,2020,2024
Lmon,cCwd,2020,2050
Lmon,cLeaf,2020,2050
Lmon,cLitter,2020,2050
Lmon,cProduct,2020,2050
Lmon,cRoot,2020,2050
day,ta,2025,2029
Lmon,cSoilFast,2020,2050
Lmon,cSoilMedium,2020,2050
Lmon,cSoilSlow,2020,2050
day,ta,2030,2034
Lmon,cVeg,2020,2050
Lmon,cropFrac,2020,2050
Lmon,evspsblsoi,2020,2050
Lmon,gpp,2020,2050
day,ta,2035,2039
Lmon,grassFrac,2020,2050
Lmon,lai,2020,2050
Lmon,mrfso,2020,2050
day,ta,2040,2044
Lmon,mrro,2020,2050
Lmon,mrros,2020,2050
Lmon,mrso,2020,2050
day,ta,2045,2049
Lmon,mrsos,2020,2050
Lmon,nbp,2020,2050
day,ta,2050,2050
Lmon,npp,2020,2050
Lmon,ra,2020,2050
Lmon,residualFrac,2020,2050
day,tas,2020,2050
Lmon,rh,2020,2050
Lmon,shrubFrac,2020,2050
Lmon,treeFrac,2020,2050
day,tasmax,2020,2050
Lmon,tsl,2020,2050
day,tasmin,2020,2050
day,ua,2020,2024
day,ua,2025,2029
day,ua,2030,2034
day,ua,2035,2039
day,ua,2040,2044
day,ua,2045,2049
day,ua,2050,2050
day,uas,2020,2050
day,va,2020,2024
day,va,2025,2029
day,va,2030,2034
day,va,2035,2039
day,va,2040,2044
day,va,2045,2049
day,va,2050,2050
day,vas,2020,2050
day,wap,2020,2024
day,wap,2025,2029
Oday,tos,2020,2029
Oday,tos,2030,2039
day,wap,2030,2034
Oday,tos,2040,2049
Oday,tos,2050,2050
day,wap,2035,2039
day,wap,2040,2044
day,wap,2045,2049
day,wap,2050,2050
day,zg,2020,2024
day,zg,2025,2029
day,zg,2030,2034
day,zg,2035,2039
day,zg,2040,2044
day,zg,2045,2049
day,zg,2050,2050
Ofx,areacello,2020,2050
Ofx,basin,2020,2050
Ofx,deptho,2020,2050
Ofx,masscello,2020,2050
Ofx,sftof,2020,2050
Ofx,thkcello,2020,2050
Ofx,volcello,2020,2050
Omon,agessc,2020,2029
Omon,agessc,2030,2039
Omon,agessc,2040,2049
Omon,agessc,2050,2050
Omon,arag,2020,2029
Omon,arag,2030,2039
Omon,arag,2040,2049
Omon,arag,2050,2050
Omon,chl,2020,2029
Omon,chl,2030,2039
Omon,chl,2040,2049
Omon,chl,2050,2050
Omon,detoc,2020,2029
Omon,detoc,2030,2039
Omon,detoc,2040,2049
Omon,detoc,2050,2050
Omon,dfe,2020,2029
Omon,dfe,2030,2039
Omon,dfe,2040,2049
Omon,dfe,2050,2050
Omon,dfeos,2020,2050
Omon,dissic,2020,2029
Omon,dissic,2030,2039
Omon,dissic,2040,2049
Omon,dissic,2050,2050
Omon,eparag100,2020,2050
Omon,epc100,2020,2050
Omon,evs,2020,2050
Omon,fgco2,2020,2050
Omon,fgco2nat,2020,2050
Omon,fgo2,2020,2050
Omon,friver,2020,2050
Omon,fsitherm,2020,2050
Oyr,arag,2020,2050
Omon,hfds,2020,2050
Omon,hfevapds,2020,2050
Oyr,chl,2020,2050
Omon,hflso,2020,2050
Oyr,detoc,2020,2050
Omon,hfrainds,2020,2050
Omon,hfsifrazil2d,2020,2050
Oyr,dfe,2020,2050
Omon,hfsso,2020,2050
Omon,htovgyre,2020,2050
Oyr,dissic,2020,2050
Omon,htovovrt,2020,2050
Oyr,dissicnat,2020,2050
Omon,intpp,2020,2050
Oyr,no3,2020,2050
Omon,masscello,2020,2029
Oyr,o2,2020,2050
Oyr,po4,2020,2050
Omon,masscello,2030,2039
Oyr,talk,2020,2050
Omon,masscello,2040,2049
Oyr,zooc,2020,2050
Omon,masscello,2050,2050
Omon,masso,2020,2050
Omon,mfo,2020,2050
Omon,mlotst,2020,2050
SImon,siareaacrossline,2020,2050
SImon,siarean,2020,2050
Omon,msftbarot,2020,2050
SImon,siareas,2020,2050
SImon,sicompstren,2020,2050
Omon,msftmrho,2020,2050
SImon,siconc,2020,2050
Omon,msftmz,2020,2029
SImon,siconca,2020,2050
Omon,msftmz,2030,2039
SImon,sidivvel,2020,2050
Omon,msftmz,2040,2049
SImon,sidmassevapsubl,2020,2050
Omon,msftmz,2050,2050
SImon,sidmasstranx,2020,2050
SImon,sidmasstrany,2020,2050
SImon,siextentn,2020,2050
Omon,no3,2020,2029
SImon,siextents,2020,2050
SImon,siflfwbot,2020,2050
SImon,sifllatstop,2020,2050
Omon,no3,2030,2039
SImon,siflsensupbot,2020,2050
SImon,simass,2020,2050
SImon,simassacrossline,2020,2050
SImon,sipr,2020,2050
Omon,no3,2040,2049
SImon,sisnconc,2020,2050
Omon,no3,2050,2050
SImon,sisnmass,2020,2050
Omon,no3os,2020,2050
SImon,sisnthick,2020,2050
SImon,sispeed,2020,2050
SImon,sistrxdtop,2020,2050
SImon,sistrxubot,2020,2050
Omon,o2,2020,2029
SImon,sistrydtop,2020,2050
SImon,sistryubot,2020,2050
SImon,sithick,2020,2050
Omon,o2,2030,2039
SImon,siu,2020,2050
SImon,siv,2020,2050
SImon,sivol,2020,2050
SImon,sivoln,2020,2050
Omon,o2,2040,2049
SImon,sivols,2020,2050
Omon,o2,2050,2050
SImon,sndmasssnf,2020,2050
Omon,o2os,2020,2050
SImon,snmassacrossline,2020,2050
Omon,pbo,2020,2050
Omon,po4,2020,2029
Omon,po4,2030,2039
Omon,po4,2040,2049
Omon,po4,2050,2050
Omon,prra,2020,2050
Omon,prsn,2020,2050
Omon,pso,2020,2050
Omon,rlntds,2020,2050
Omon,rsntds,2020,2050
Omon,sfriver,2020,2050
Omon,sltovgyre,2020,2050
Omon,sltovovrt,2020,2050
Omon,so,2020,2029
Omon,so,2030,2039
Omon,so,2040,2049
Omon,so,2050,2050
Omon,soga,2020,2050
Omon,sos,2020,2050
Omon,spco2,2020,2050
Omon,talk,2020,2029
Omon,talk,2030,2039
Omon,talk,2040,2049
Omon,talk,2050,2050
Omon,thetao,2020,2029
Omon,thetao,2030,2039
Omon,thetao,2040,2049
Omon,thetao,2050,2050
Omon,thetaoga,2020,2050
Omon,thkcello,2020,2029
Omon,thkcello,2030,2039
Omon,thkcello,2040,2049
Omon,thkcello,2050,2050
Omon,tob,2020,2050
Omon,tos,2020,2050
Omon,tossq,2020,2050
Omon,umo,2020,2029
Omon,umo,2030,2039
Omon,umo,2040,2049
Omon,umo,2050,2050
Omon,uo,2020,2029
Omon,uo,2030,2039
Omon,uo,2040,2049
Omon,uo,2050,2050
Omon,vmo,2020,2029
Omon,vmo,2030,2039
Omon,vmo,2040,2049
Omon,vmo,2050,2050
Omon,vo,2020,2029
Omon,vo,2030,2039
Omon,vo,2040,2049
Omon,vo,2050,2050
Omon,volo,2020,2050
Omon,wfo,2020,2050
Omon,wmo,2020,2029
Omon,wmo,2030,2039
Omon,wmo,2040,2049
Omon,wmo,2050,2050
Omon,zooc,2020,2029
Omon,zooc,2030,2039
Omon,zooc,2040,2049
Omon,zooc,2050,2050
Omon,zos,2020,2050
Omon,zossq,2020,2050
Omon,zostoga,2020,2050
Eyr,fracLut,2020,2050
Emon,fracLut,2020,2050
Emon,nwdFracLut,2020,2050
LImon,hfdsn,2020,2050
Lmon,landCoverFrac,2020,2050
