Eday,mrsfl,101,105
Lmon,baresoilFrac,101,250
Eyr,baresoilFrac,101,250
Emon,cLand,101,250
LImon,sftgif,101,250
Amon,cl,101,120
Eyr,cropFrac,101,250
Eday,mrsfl,106,110
Lmon,c3PftFrac,101,250
Ofx,areacello,101,250
Emon,cSoil,101,250
LImon,snm,101,250
Eyr,fracLut,101,250
Ofx,basin,101,250
Lmon,c4PftFrac,101,250
Emon,cropFracC3,101,250
Eday,mrsfl,111,115
LImon,snw,101,250
Amon,cl,121,140
Eyr,grassFrac,101,250
Ofx,deptho,101,250
Lmon,cLeaf,101,250
Emon,fBNF,101,250
Eyr,shrubFrac,101,250
Eday,mrsfl,116,120
Ofx,masscello,101,250
Lmon,cLitter,101,250
Emon,fNdep,101,250
Eyr,treeFrac,101,250
Ofx,sftof,101,250
Amon,cl,141,160
Lmon,cRoot,101,250
Eday,mrsfl,121,125
Eyr,vegFrac,101,250
Ofx,thkcello,101,250
Emon,fNgas,101,250
Lmon,cVeg,101,250
Ofx,volcello,101,250
Emon,fNleach,101,250
Eday,mrsfl,126,130
Lmon,cropFrac,101,250
Emon,fNloss,101,250
Amon,cl,161,180
Lmon,evspsblsoi,101,250
Eday,mrsfl,131,135
Emon,fNnetmin,101,250
Lmon,gpp,101,250
Emon,fNup,101,250
Eday,mrsfl,136,140
Lmon,grassFrac,101,250
Amon,cl,181,200
Emon,fracLut,101,250
Eday,mrsfl,141,145
Emon,grassFracC3,101,250
Lmon,lai,101,250
Lmon,mrfso,101,250
Emon,grassFracC4,101,250
Eday,mrsfl,146,150
Lmon,mrro,101,250
Amon,cl,201,220
Emon,mrlso,101,250
Eday,mrsfl,151,155
Lmon,mrros,101,250
Omon,agessc,101,110
Emon,mrsfl,101,200
Eday,mrsfl,156,160
SImon,siconc,101,250
Lmon,mrso,101,250
Emon,mrsfl,201,250
SImon,siconca,101,250
Eday,mrsfl,161,165
Lmon,mrsos,101,250
SImon,simass,101,250
Amon,cl,221,240
Lmon,nbp,101,250
Eday,mrsfl,166,170
SImon,sisnmass,101,250
Omon,agessc,111,120
Lmon,npp,101,250
Eday,mrsfl,171,175
Emon,mrsll,101,200
Amon,cl,241,250
Lmon,ra,101,250
Eday,mrsfl,176,180
Emon,mrsll,201,250
Lmon,residualFrac,101,250
Eday,mrsfl,181,185
Lmon,rh,101,250
Amon,cli,101,120
day,pr,101,150
Emon,mrsol,101,200
Lmon,shrubFrac,101,250
Omon,agessc,121,130
Eday,mrsfl,186,190
Lmon,treeFrac,101,250
Emon,mrsol,201,250
Eday,mrsfl,191,195
Amon,cli,121,140
Emon,nLand,101,250
Lmon,tsl,101,200
Eday,mrsfl,196,200
Emon,nLitter,101,250
Lmon,tsl,201,250
Omon,agessc,131,140
Eday,mrsfl,201,205
day,pr,151,200
Emon,nMineral,101,250
Eday,mrsfl,206,210
Amon,cli,141,160
Emon,nSoil,101,250
Eday,mrsfl,211,215
Omon,agessc,141,150
Emon,nVeg,101,250
Eday,mrsfl,216,220
Amon,cli,161,180
Emon,nwdFracLut,101,250
Eday,mrsfl,221,225
Emon,treeFracBdlDcd,101,250
Emon,treeFracBdlEvg,101,250
day,pr,201,250
Amon,cli,181,200
Eday,mrsfl,226,230
Emon,treeFracNdlDcd,101,250
Emon,treeFracNdlEvg,101,250
Eday,mrsfl,231,235
Emon,vegFrac,101,250
Omon,agessc,151,160
Amon,cli,201,220
Eday,mrsfl,236,240
Emon,vegHeight,101,250
Eday,mrsfl,241,245
Emon,wetlandFrac,101,250
Amon,cli,221,240
Omon,agessc,161,170
Eday,mrsfl,246,250
Amon,cli,241,250
Eday,mrsll,101,105
Amon,clivi,101,250
day,tas,101,150
Eday,mrsll,106,110
Omon,agessc,171,180
Amon,clt,101,250
Eday,mrsll,111,115
Amon,clw,101,120
day,tas,151,200
Omon,agessc,181,190
Eday,mrsll,116,120
Amon,clw,121,140
day,tas,201,250
Eday,mrsll,121,125
Omon,agessc,191,200
Amon,clw,141,160
Eday,mrsll,126,130
Eday,mrsll,131,135
Amon,clw,161,180
Omon,agessc,201,210
Eday,mrsll,136,140
Amon,clw,181,200
day,tasmax,101,150
Eday,mrsll,141,145
Amon,clw,201,220
Omon,agessc,211,220
fx,areacella,101,250
Eday,mrsll,146,150
fx,orog,101,250
fx,sftgif,101,250
Amon,clw,221,240
fx,sftlf,101,250
Eday,mrsll,151,155
day,tasmax,151,200
fx,zfull,101,250
Amon,clw,241,250
Omon,agessc,221,230
Eday,mrsll,156,160
Amon,evspsbl,101,250
Amon,hfls,101,250
Eday,mrsll,161,165
Amon,hfss,101,250
day,tasmax,201,250
Eday,mrsll,166,170
Omon,agessc,231,240
Eday,mrsll,171,175
Omon,agessc,241,250
day,tasmin,101,150
Eday,mrsll,176,180
Eday,mrsll,181,185
Amon,hur,101,200
Omon,arag,101,110
Eday,mrsll,186,190
day,tasmin,151,200
Amon,hur,201,250
Eday,mrsll,191,195
Amon,hurs,101,250
Eday,mrsll,196,200
day,tasmin,201,250
Omon,arag,111,120
Eday,mrsll,201,205
Eday,mrsll,206,210
Amon,hus,101,200
Omon,arag,121,130
Eday,mrsll,211,215
Eday,mrsll,216,220
Omon,arag,131,140
Amon,hus,201,250
Eday,mrsll,221,225
Amon,huss,101,250
Eday,mrsll,226,230
Amon,pfull,101,250
Amon,phalf,101,250
Eday,mrsll,231,235
Omon,arag,141,150
Amon,pr,101,250
Eday,mrsll,236,240
Amon,prc,101,250
Eday,mrsll,241,245
Amon,prsn,101,250
Omon,arag,151,160
Amon,prw,101,250
Amon,ps,101,250
Eday,mrsll,246,250
Amon,psl,101,250
Amon,rlds,101,250
Eday,mrsol,101,105
Omon,arag,161,170
Amon,rldscs,101,250
Amon,rlus,101,250
Eday,mrsol,106,110
Amon,rlut,101,250
Omon,arag,171,180
Amon,rlutcs,101,250
Eday,mrsol,111,115
Amon,rsds,101,250
Eday,mrsol,116,120
Amon,rsdscs,101,250
Amon,rsdt,101,250
Eday,mrsol,121,125
Omon,arag,181,190
Amon,rsus,101,250
Eday,mrsol,126,130
Amon,rsuscs,101,250
Amon,rsut,101,250
Omon,arag,191,200
Eday,mrsol,131,135
Amon,rsutcs,101,250
Eday,mrsol,136,140
Amon,rtmt,101,250
Amon,sbl,101,250
Eday,mrsol,141,145
Omon,arag,201,210
Amon,sci,101,250
Eday,mrsol,146,150
Amon,sfcWind,101,250
Eday,mrsol,151,155
Omon,arag,211,220
Eday,mrsol,156,160
Eday,mrsol,161,165
Omon,arag,221,230
Amon,ta,101,200
Eday,mrsol,166,170
Eday,mrsol,171,175
Amon,ta,201,250
Omon,arag,231,240
Eday,mrsol,176,180
Amon,tas,101,250
Eday,mrsol,181,185
Amon,tasmax,101,250
Amon,tasmin,101,250
Eday,mrsol,186,190
Amon,tauu,101,250
Eday,mrsol,191,195
Omon,arag,241,250
Amon,tauv,101,250
Eday,mrsol,196,200
Amon,ts,101,250
Eday,mrsol,201,205
Omon,chl,101,110
Eday,mrsol,206,210
Eday,mrsol,211,215
Omon,chl,111,120
Eday,mrsol,216,220
Amon,ua,101,200
Eday,mrsol,221,225
Omon,chl,121,130
Eday,mrsol,226,230
Eday,mrsol,231,235
Amon,ua,201,250
Eday,mrsol,236,240
Amon,uas,101,250
Omon,chl,131,140
Eday,mrsol,241,245
Eday,mrsol,246,250
Omon,chl,141,150
Amon,va,101,200
Omon,chl,151,160
Amon,va,201,250
Amon,vas,101,250
Omon,chl,161,170
Omon,chl,171,180
Amon,wap,101,200
Omon,chl,181,190
Amon,wap,201,250
Omon,chl,191,200
Amon,zg,101,200
Omon,chl,201,210
Amon,zg,201,250
Omon,chl,211,220
Omon,chl,221,230
Omon,chl,231,240
Omon,chl,241,250
Omon,chlos,101,250
Omon,detoc,101,110
Omon,detoc,111,120
Omon,detoc,121,130
Omon,detoc,131,140
Omon,detoc,141,150
Omon,detoc,151,160
Omon,detoc,161,170
Omon,detoc,171,180
Omon,detoc,181,190
Omon,detoc,191,200
Omon,detoc,201,210
Omon,detoc,211,220
Omon,detoc,221,230
Omon,detoc,231,240
Omon,detoc,241,250
Omon,dfe,101,110
Omon,dfe,111,120
Omon,dfe,121,130
Omon,dfe,131,140
Omon,dfe,141,150
Omon,dfe,151,160
Omon,dfe,161,170
Omon,dfe,171,180
Omon,dfe,181,190
Omon,dfe,191,200
Omon,dfe,201,210
Omon,dfe,211,220
Omon,dfe,221,230
Omon,dfe,231,240
Omon,dfe,241,250
Omon,dfeos,101,250
Omon,dissic,101,110
Omon,dissic,111,120
Omon,dissic,121,130
Omon,dissic,131,140
Omon,dissic,141,150
Omon,dissic,151,160
Omon,dissic,161,170
Omon,dissic,171,180
Omon,dissic,181,190
Omon,dissic,191,200
Omon,dissic,201,210
Omon,dissic,211,220
Omon,dissic,221,230
Omon,dissic,231,240
Omon,dissic,241,250
Omon,dissicnat,101,110
Omon,dissicnat,111,120
Omon,dissicnat,121,130
Omon,dissicnat,131,140
Omon,dissicnat,141,150
Omon,dissicnat,151,160
Omon,dissicnat,161,170
Omon,dissicnat,171,180
Omon,dissicnat,181,190
Omon,dissicnat,191,200
Omon,dissicnat,201,210
Omon,dissicnat,211,220
Omon,dissicnat,221,230
Omon,dissicnat,231,240
Omon,dissicnat,241,250
Omon,dissicnatos,101,250
Omon,dissicos,101,250
Omon,eparag100,101,250
Omon,epc100,101,250
Omon,evs,101,250
Omon,fgco2,101,250
Omon,fgco2nat,101,250
Omon,fgo2,101,250
Omon,friver,101,250
Omon,fsitherm,101,250
Omon,hfbasinpmadv,101,250
Omon,hfds,101,250
Omon,hfevapds,101,250
Omon,hflso,101,250
Omon,hfrainds,101,250
Omon,hfsifrazil2d,101,250
Omon,hfsso,101,250
Omon,htovgyre,101,250
Omon,htovovrt,101,250
Omon,intpp,101,250
Omon,masscello,101,110
Omon,masscello,111,120
Omon,masscello,121,130
Omon,masscello,131,140
Omon,masscello,141,150
Omon,masscello,151,160
Omon,masscello,161,170
Omon,masscello,171,180
Omon,masscello,181,190
Omon,masscello,191,200
Omon,masscello,201,210
Omon,masscello,211,220
Omon,masscello,221,230
Omon,masscello,231,240
Omon,masscello,241,250
Omon,masso,101,250
Omon,mfo,101,250
Omon,mlotst,101,250
Omon,msftbarot,101,250
Omon,msftmrho,101,250
Omon,msftmz,101,110
Omon,msftmz,111,120
Omon,msftmz,121,130
Omon,msftmz,131,140
Omon,msftmz,141,150
Omon,msftmz,151,160
Omon,msftmz,161,170
Omon,msftmz,171,180
Omon,msftmz,181,190
Omon,msftmz,191,200
Omon,msftmz,201,210
Omon,msftmz,211,220
Omon,msftmz,221,230
Omon,msftmz,231,240
Omon,msftmz,241,250
Omon,msftyrho,101,250
Omon,msftyz,101,110
Omon,msftyz,111,120
Omon,msftyz,121,130
Omon,msftyz,131,140
Omon,msftyz,141,150
Omon,msftyz,151,160
Omon,msftyz,161,170
Omon,msftyz,171,180
Omon,msftyz,181,190
Omon,msftyz,191,200
Omon,msftyz,201,210
Omon,msftyz,211,220
Omon,msftyz,221,230
Omon,msftyz,231,240
Omon,msftyz,241,250
Omon,no3,101,110
Omon,no3,111,120
Omon,no3,121,130
Omon,no3,131,140
Omon,no3,141,150
Omon,no3,151,160
Omon,no3,161,170
Omon,no3,171,180
Omon,no3,181,190
Omon,no3,191,200
Omon,no3,201,210
Omon,no3,211,220
Omon,no3,221,230
Omon,no3,231,240
Omon,no3,241,250
Omon,no3os,101,250
Omon,o2,101,110
Omon,o2,111,120
Omon,o2,121,130
Omon,o2,131,140
Omon,o2,141,150
Omon,o2,151,160
Omon,o2,161,170
Omon,o2,171,180
Omon,o2,181,190
Omon,o2,191,200
Omon,o2,201,210
Omon,o2,211,220
Omon,o2,221,230
Omon,o2,231,240
Omon,o2,241,250
Omon,o2os,101,250
Omon,obvfsq,101,110
Omon,obvfsq,111,120
Omon,obvfsq,121,130
Omon,obvfsq,131,140
Omon,obvfsq,141,150
Omon,obvfsq,151,160
Omon,obvfsq,161,170
Omon,obvfsq,171,180
Omon,obvfsq,181,190
Omon,obvfsq,191,200
Omon,obvfsq,201,210
Omon,obvfsq,211,220
Omon,obvfsq,221,230
Omon,obvfsq,231,240
Omon,obvfsq,241,250
Omon,pbo,101,250
Omon,phycos,101,250
Omon,po4,101,110
Omon,po4,111,120
Omon,po4,121,130
Omon,po4,131,140
Omon,po4,141,150
Omon,po4,151,160
Omon,po4,161,170
Omon,po4,171,180
Omon,po4,181,190
Omon,po4,191,200
Omon,po4,201,210
Omon,po4,211,220
Omon,po4,221,230
Omon,po4,231,240
Omon,po4,241,250
Omon,po4os,101,250
Omon,prra,101,250
Omon,prsn,101,250
Omon,pso,101,250
Omon,rlntds,101,250
Omon,rsntds,101,250
Omon,sfriver,101,250
Omon,sltovgyre,101,250
Omon,sltovovrt,101,250
Omon,so,101,110
Omon,so,111,120
Omon,so,121,130
Omon,so,131,140
Omon,so,141,150
Omon,so,151,160
Omon,so,161,170
Omon,so,171,180
Omon,so,181,190
Omon,so,191,200
Omon,so,201,210
Omon,so,211,220
Omon,so,221,230
Omon,so,231,240
Omon,so,241,250
Omon,sob,101,250
Omon,soga,101,250
Omon,sos,101,250
Omon,sosga,101,250
Omon,spco2,101,250
Omon,spco2nat,101,250
Omon,talk,101,110
Omon,talk,111,120
Omon,talk,121,130
Omon,talk,131,140
Omon,talk,141,150
Omon,talk,151,160
Omon,talk,161,170
Omon,talk,171,180
Omon,talk,181,190
Omon,talk,191,200
Omon,talk,201,210
Omon,talk,211,220
Omon,talk,221,230
Omon,talk,231,240
Omon,talk,241,250
Omon,talkos,101,250
Omon,tauuo,101,250
Omon,tauvo,101,250
Omon,thetao,101,110
Omon,thetao,111,120
Omon,thetao,121,130
Omon,thetao,131,140
Omon,thetao,141,150
Omon,thetao,151,160
Omon,thetao,161,170
Omon,thetao,171,180
Omon,thetao,181,190
Omon,thetao,191,200
Omon,thetao,201,210
Omon,thetao,211,220
Omon,thetao,221,230
Omon,thetao,231,240
Omon,thetao,241,250
Omon,thetaoga,101,250
Omon,tos,101,250
Omon,tosga,101,250
Omon,umo,101,110
Omon,umo,111,120
Omon,umo,121,130
Omon,umo,131,140
Omon,umo,141,150
Omon,umo,151,160
Omon,umo,161,170
Omon,umo,171,180
Omon,umo,181,190
Omon,umo,191,200
Omon,umo,201,210
Omon,umo,211,220
Omon,umo,221,230
Omon,umo,231,240
Omon,umo,241,250
Omon,uo,101,110
Omon,uo,111,120
Omon,uo,121,130
Omon,uo,131,140
Omon,uo,141,150
Omon,uo,151,160
Omon,uo,161,170
Omon,uo,171,180
Omon,uo,181,190
Omon,uo,191,200
Omon,uo,201,210
Omon,uo,211,220
Omon,uo,221,230
Omon,uo,231,240
Omon,uo,241,250
Omon,vmo,101,110
Omon,vmo,111,120
Omon,vmo,121,130
Omon,vmo,131,140
Omon,vmo,141,150
Omon,vmo,151,160
Omon,vmo,161,170
Omon,vmo,171,180
Omon,vmo,181,190
Omon,vmo,191,200
Omon,vmo,201,210
Omon,vmo,211,220
Omon,vmo,221,230
Omon,vmo,231,240
Omon,vmo,241,250
Omon,vo,101,110
Omon,vo,111,120
Omon,vo,121,130
Omon,vo,131,140
Omon,vo,141,150
Omon,vo,151,160
Omon,vo,161,170
Omon,vo,171,180
Omon,vo,181,190
Omon,vo,191,200
Omon,vo,201,210
Omon,vo,211,220
Omon,vo,221,230
Omon,vo,231,240
Omon,vo,241,250
Omon,volo,101,250
Omon,wfo,101,250
Omon,wmo,101,110
Omon,wmo,111,120
Omon,wmo,121,130
Omon,wmo,131,140
Omon,wmo,141,150
Omon,wmo,151,160
Omon,wmo,161,170
Omon,wmo,171,180
Omon,wmo,181,190
Omon,wmo,191,200
Omon,wmo,201,210
Omon,wmo,211,220
Omon,wmo,221,230
Omon,wmo,231,240
Omon,wmo,241,250
Omon,zos,101,250
Omon,zostoga,101,250
Omon,tob,101,250
